
local title = { id = 1 , Power = 2 , atk = 3 , bre = 4 , def = 5 , max_hp = 6 , hit_rate = 7 , avd_rate = 8 , cri_rate = 9 , cri_r_rate = 10 , cri_dmg = 11 , cri_dmg_r = 12 , dmg_inc = 13 , psy_d_r = 14 , mag_d_r = 15}
local findT = {
	__index=function(t,key)
		if not key or not title[key] then
			return nil
		end
		return t[title[key]]
	end
}
local monster_level_cfg = {
	[0] = {0,0,2690,1000,1000,9500,10000,500,2000,0,0,0,0,0,0},
	[1] = {1,839,68,76,76,319,10000,0,0,0,0,0,0,0,0},
	[2] = {2,1318,191,81,81,328,10000,0,0,0,0,0,0,0,0},
	[3] = {3,1328,156,99,99,382,10000,0,0,0,0,0,0,0,0},
	[4] = {4,1538,204,102,102,460,10000,0,0,0,0,0,0,0,0},
	[5] = {5,1594,211,105,105,506,10000,0,0,0,0,0,0,0,0},
	[6] = {6,1605,219,109,109,296,10000,0,0,0,0,0,0,0,0},
	[7] = {7,1671,225,113,113,373,10000,0,0,0,0,0,0,0,0},
	[8] = {8,1775,235,118,118,527,10000,0,0,0,0,0,0,0,0},
	[9] = {9,1802,240,120,120,507,10000,0,0,0,0,0,0,0,0},
	[10] = {10,1926,250,125,125,749,10000,0,0,0,0,0,0,0,0},
	[11] = {11,2023,256,128,128,1000,10000,500,2000,0,0,0,0,0,0},
	[12] = {12,2134,263,132,132,1263,10000,500,2000,0,0,0,0,0,0},
	[13] = {13,2246,271,135,135,1548,10000,500,2000,0,0,0,0,0,0},
	[14] = {14,2355,278,138,138,1838,10000,500,2000,0,0,0,0,0,0},
	[15] = {15,2491,287,143,143,2153,10000,500,2000,0,0,0,0,0,0},
	[16] = {16,2613,294,147,147,2468,10000,500,2000,0,0,0,0,0,0},
	[17] = {17,2769,302,151,151,2812,10000,500,2000,0,0,0,150,0,0},
	[18] = {18,2905,308,153,153,3154,10000,500,2000,0,0,0,300,0,0},
	[19] = {19,3081,317,158,158,3527,10000,500,2000,0,0,0,450,0,0},
	[20] = {20,3243,324,162,162,3896,10000,500,2000,0,0,0,600,0,0},
	[21] = {21,3461,337,168,168,4347,10000,500,2000,0,0,0,750,0,0},
	[22] = {22,3664,347,173,173,4804,10000,500,2000,0,0,0,900,0,0},
	[23] = {23,3909,361,180,180,5308,10000,500,2000,0,0,0,1050,0,0},
	[24] = {24,4121,373,186,186,5716,10000,500,2000,0,0,0,1200,0,0},
	[25] = {25,4348,386,193,193,6139,10000,500,2000,0,0,0,1350,0,0},
	[26] = {26,4551,396,198,198,6560,10000,500,2000,0,0,0,1500,0,0},
	[27] = {27,4782,409,204,204,7014,10000,500,2000,0,0,0,1650,0,0},
	[28] = {28,5025,423,210,210,7493,10000,500,2000,0,0,0,1800,0,0},
	[29] = {29,5282,436,218,218,7978,10000,500,2000,0,0,0,1950,0,0},
	[30] = {30,5548,456,223,223,8459,10000,500,2000,0,0,0,2100,0,0},
	[31] = {31,5849,478,230,230,8973,10000,500,2000,0,0,0,2250,0,0},
	[32] = {32,6078,500,235,235,9219,10000,500,2000,0,0,0,2400,0,0},
	[33] = {33,6328,525,242,242,9479,10000,500,2000,0,0,0,2500,0,0},
	[34] = {34,6524,547,248,248,9706,10000,500,2000,0,0,0,2500,0,0},
	[35] = {35,6688,561,254,254,9952,10000,500,2000,0,0,0,2500,0,0},
	[36] = {36,6859,575,261,261,10199,10000,500,2000,0,0,0,2500,0,0},
	[37] = {37,7026,588,268,268,10445,10000,500,2000,0,0,0,2500,0,0},
	[38] = {38,7190,602,274,274,10689,10000,500,2000,0,0,0,2500,0,0},
	[39] = {39,7346,616,279,279,10935,10000,500,2000,0,0,0,2500,0,0},
	[40] = {40,7648,659,286,286,11182,10000,500,2000,0,0,0,2500,0,0},
	[41] = {41,7996,688,300,300,11678,10000,500,2000,0,0,0,2500,0,0},
	[42] = {42,8305,716,310,310,12156,10000,500,2000,0,0,0,2500,0,0},
	[43] = {43,8654,746,323,323,12669,10000,500,2000,0,0,0,2500,0,0},
	[44] = {44,8990,775,336,336,13145,10000,500,2000,0,0,0,2500,0,0},
	[45] = {45,9334,803,350,350,13639,10000,500,2000,0,0,0,2500,0,0},
	[46] = {46,9662,832,362,362,14114,10000,500,2000,0,0,0,2500,0,0},
	[47] = {47,10011,862,375,375,14626,10000,500,2000,0,0,0,2500,0,0},
	[48] = {48,10326,890,386,386,15100,10000,500,2000,0,0,0,2500,0,0},
	[49] = {49,10667,919,399,399,15595,10000,500,2000,0,0,0,2500,0,0},
	[50] = {50,10999,948,411,411,16088,10000,500,2000,0,0,0,2500,0,0},
	[51] = {51,11347,977,425,425,16581,10000,500,2000,0,0,0,2500,0,0},
	[52] = {52,11683,1007,437,437,17074,10000,500,2000,0,0,0,2500,0,0},
	[53] = {53,12010,1034,450,450,17546,10000,500,2000,0,0,0,2500,0,0},
	[54] = {54,12342,1063,462,462,18040,10000,500,2000,0,0,0,2500,0,0},
	[55] = {55,12682,1092,475,475,18531,10000,500,2000,0,0,0,2500,0,0},
	[56] = {56,13018,1122,487,487,19023,10000,500,2000,0,0,0,2500,0,0},
	[57] = {57,13345,1149,500,500,19496,10000,500,2000,0,0,0,2500,0,0},
	[58] = {58,13685,1178,513,513,19989,10000,500,2000,0,0,0,2500,0,0},
	[59] = {59,14017,1207,525,525,20481,10000,500,2000,0,0,0,2500,0,0},
	[60] = {60,14356,1236,538,538,20973,10000,500,2000,0,0,0,2500,0,0},
	[61] = {61,14872,1284,559,559,21805,10000,500,2000,0,0,0,2430,0,0},
	[62] = {62,15434,1337,582,582,22692,10000,500,2000,0,0,0,2360,0,0},
	[63] = {63,15961,1388,603,603,23546,10000,500,2000,0,0,0,2290,0,0},
	[64] = {64,16771,1438,624,624,24394,10100,600,2100,100,0,0,2220,0,0},
	[65] = {65,17318,1489,647,647,25259,10100,600,2100,100,0,0,2150,0,0},
	[66] = {66,17844,1539,669,669,26106,10100,600,2100,100,0,0,2080,0,0},
	[67] = {67,18352,1588,690,690,26936,10100,600,2100,100,0,0,2010,0,0},
	[68] = {68,18880,1639,712,712,27803,10100,600,2100,100,0,0,1940,0,0},
	[69] = {69,19408,1691,734,734,28666,10100,600,2100,100,0,0,1870,0,0},
	[70] = {70,20271,1740,757,757,29511,10200,700,2200,200,0,0,1800,0,0},
	[71] = {71,21352,1824,778,778,30945,10200,700,2200,200,0,0,2230,0,0},
	[72] = {72,21889,1877,799,799,31838,10200,700,2200,200,0,0,2160,0,0},
	[73] = {73,22415,1928,821,821,32703,10200,700,2200,200,0,0,2090,0,0},
	[74] = {74,22944,1979,844,844,33567,10200,700,2200,200,0,0,2020,0,0},
	[75] = {75,23456,2030,865,865,34441,10200,700,2200,200,0,0,1950,0,0},
	[76] = {76,23976,2081,888,888,35299,10200,700,2200,200,0,0,1880,0,0},
	[77] = {77,24881,2131,908,908,36140,10300,800,2300,300,0,0,1810,0,0},
	[78] = {78,25405,2183,930,930,37027,10300,800,2300,300,0,0,1740,0,0},
	[79] = {79,25918,2234,952,952,37896,10300,800,2300,300,0,0,1670,0,0},
	[80] = {80,26424,2285,974,974,38755,10300,800,2300,300,0,0,1600,0,0},
	[81] = {81,27449,2431,1006,1006,40842,10300,800,2300,300,0,0,1540,0,0},
	[82] = {82,28363,2533,1039,1039,42187,10300,800,2300,300,0,0,1480,0,0},
	[83] = {83,29740,2634,1071,1071,43475,10400,900,2400,400,0,0,1420,0,0},
	[84] = {84,30775,2740,1105,1105,44825,10400,900,2400,400,100,100,1360,0,0},
	[85] = {85,31684,2845,1137,1137,46129,10400,900,2400,400,100,100,1300,0,0},
	[86] = {86,32621,2954,1170,1170,47474,10400,900,2400,400,100,100,1240,0,0},
	[87] = {87,33696,3061,1203,1203,48800,10400,900,2400,400,100,100,1180,100,100},
	[88] = {88,35191,3172,1235,1235,50109,10500,1000,2500,500,100,100,1120,100,100},
	[89] = {89,36126,3282,1268,1268,51431,10500,1000,2500,500,100,100,1060,100,100},
	[90] = {90,37077,3398,1300,1300,52775,10500,1000,2500,500,100,100,1000,100,100},
	[91] = {91,38107,3554,1334,1334,54831,10500,1000,2500,500,200,200,940,100,100},
	[92] = {92,39037,3671,1366,1366,56170,10500,1000,2500,500,200,200,880,100,100},
	[93] = {93,40614,3789,1398,1398,57498,10600,1100,2600,600,200,200,820,100,100},
	[94] = {94,41560,3908,1431,1431,58834,10600,1100,2600,600,200,200,760,100,100},
	[95] = {95,42511,4029,1464,1464,60183,10600,1100,2600,600,200,200,700,100,100},
	[96] = {96,43451,4152,1496,1496,61520,10600,1100,2600,600,200,200,640,100,100},
	[97] = {97,44677,4277,1529,1529,62884,10600,1100,2600,600,300,300,640,100,100},
	[98] = {98,46474,4399,1561,1561,64185,10700,1200,2700,700,300,300,640,100,100},
	[99] = {99,47603,4527,1594,1594,65555,10700,1200,2700,700,300,300,640,100,100},
	[100] = {100,48710,4654,1626,1626,66890,10700,1200,2700,700,300,300,640,100,100},
	[101] = {101,50878,4834,1678,1678,70197,10700,1200,2700,700,300,300,820,200,200},
	[102] = {102,52297,4946,1730,1730,72358,10700,1200,2700,700,300,300,820,200,200},
	[103] = {103,53373,5055,1782,1782,74524,10700,1200,2700,700,300,300,700,200,200},
	[104] = {104,54777,5161,1835,1835,76720,10700,1200,2700,700,300,300,700,200,200},
	[105] = {105,55875,5232,1887,1887,78303,10700,1200,2700,700,300,300,700,200,200},
	[106] = {106,57382,5331,1938,1938,80408,10700,1200,2700,700,400,400,700,200,200},
	[107] = {107,58755,5431,1990,1990,82589,10700,1200,2700,700,400,400,700,200,200},
	[108] = {108,60095,5527,2041,2041,84740,10700,1200,2700,700,400,400,700,200,200},
	[109] = {109,61436,5622,2093,2093,86876,10700,1200,2700,700,400,400,700,200,200},
	[110] = {110,62768,5714,2145,2145,89025,10700,1200,2700,700,400,400,700,200,200},
	[111] = {111,64857,5924,2197,2197,93238,10700,1200,2700,700,400,400,925,200,200},
	[112] = {112,66182,6015,2248,2248,95421,10700,1200,2700,700,400,400,925,200,200},
	[113] = {113,67505,6105,2299,2299,97614,10700,1200,2700,700,400,400,925,200,200},
	[114] = {114,68847,6192,2353,2353,99839,10700,1200,2700,700,400,400,925,200,200},
	[115] = {115,70709,6276,2404,2404,102035,10700,1200,2700,700,500,500,1025,200,200},
	[116] = {116,72862,6492,2455,2455,106496,10700,1200,2700,700,500,500,1250,200,200},
	[117] = {117,74207,6577,2508,2508,108768,10700,1200,2700,700,500,500,1250,200,200},
	[118] = {118,75508,6657,2559,2559,111011,10700,1200,2700,700,500,500,1250,200,200},
	[119] = {119,76809,6735,2611,2611,113255,10700,1200,2700,700,500,500,1250,200,200},
	[120] = {120,78494,6811,2663,2663,115498,10700,1200,2700,700,500,500,1250,300,300},
	[121] = {121,80168,6994,2717,2717,118603,10700,1200,2700,700,500,500,1475,300,300},
	[122] = {122,81762,7133,2771,2771,120965,10700,1200,2700,700,500,500,1475,300,300},
	[123] = {123,83366,7274,2825,2825,123334,10700,1200,2700,700,500,500,1475,300,300},
	[124] = {124,84977,7414,2880,2880,125712,10700,1200,2700,700,500,500,1475,300,300},
	[125] = {125,86567,7551,2934,2934,128087,10700,1200,2700,700,500,500,1475,300,300},
	[126] = {126,89054,7837,2988,2988,132901,10700,1200,2700,700,500,500,1700,300,300},
	[127] = {127,90680,7978,3044,3044,135315,10700,1200,2700,700,500,500,1700,300,300},
	[128] = {128,92285,8122,3097,3097,137695,10700,1200,2700,700,500,500,1700,300,300},
	[129] = {129,93903,8263,3152,3152,140108,10700,1200,2700,700,500,500,1700,300,300},
	[130] = {130,95805,8406,3206,3206,142529,10700,1200,2700,700,600,600,1700,300,300},
	[131] = {131,98355,8703,3259,3259,147594,10700,1200,2700,700,600,600,1925,300,300},
	[132] = {132,99999,8849,3314,3314,150037,10700,1200,2700,700,600,600,1925,300,300},
	[133] = {133,101618,8993,3367,3367,152475,10700,1200,2700,700,600,600,1925,300,300},
	[134] = {134,103242,9136,3421,3421,154915,10700,1200,2700,700,600,600,1925,300,300},
	[135] = {135,104883,9281,3475,3475,157393,10700,1200,2700,700,600,600,1925,300,300},
	[136] = {136,107536,9596,3530,3530,162698,10700,1200,2700,700,600,600,2150,300,300},
	[137] = {137,109169,9741,3583,3583,165196,10700,1200,2700,700,600,600,2150,300,300},
	[138] = {138,110826,9889,3638,3638,167682,10700,1200,2700,700,600,600,2150,300,300},
	[139] = {139,112446,10034,3690,3690,170162,10700,1200,2700,700,600,600,2150,300,300},
	[140] = {140,114097,10181,3745,3745,172641,10700,1200,2700,700,600,600,2150,300,300},
	[141] = {141,116331,10402,3852,3852,176367,10700,1200,2700,700,600,600,2375,300,300},
	[142] = {142,121511,10695,3960,3960,181349,10800,1300,2800,800,600,600,2375,300,300},
	[143] = {143,124776,10983,4066,4066,186225,10800,1300,2800,800,600,600,2375,300,300},
	[144] = {144,128087,11273,4175,4175,191154,10800,1300,2800,800,600,600,2375,300,300},
	[145] = {145,131378,11563,4282,4282,196067,10800,1300,2800,800,600,600,2375,300,300},
	[146] = {146,137840,12037,4390,4390,204089,10900,1400,2900,900,600,600,2600,300,300},
	[147] = {147,141188,12328,4497,4497,209057,10900,1400,2900,900,600,600,2600,300,300},
	[148] = {148,144560,12623,4604,4604,214054,10900,1400,2900,900,600,600,2600,300,300},
	[149] = {149,147944,12918,4712,4712,219066,10900,1400,2900,900,600,600,2600,300,300},
	[150] = {150,154113,13214,4820,4820,224053,11000,1500,3000,1000,700,700,2600,300,300},
	[151] = {151,158700,13710,4927,4927,232477,11000,1500,3000,1000,700,700,2825,300,300},
	[152] = {152,162158,14010,5033,5033,237567,11000,1500,3000,1000,700,700,2825,300,300},
	[153] = {153,165631,14308,5142,5142,242650,11000,1500,3000,1000,700,700,2825,300,300},
	[154] = {154,171638,14606,5249,5249,247663,11100,1600,3100,1100,700,700,2825,300,300},
	[155] = {155,175164,14906,5356,5356,252777,11100,1600,3100,1100,700,700,2825,300,300},
	[156] = {156,179979,15432,5463,5463,261665,11100,1600,3100,1100,700,700,3050,300,300},
	[157] = {157,183513,15735,5570,5570,266809,11100,1600,3100,1100,700,700,3050,300,300},
	[158] = {158,189838,16036,5678,5678,271923,11200,1700,3200,1200,700,700,3050,300,300},
	[159] = {159,193462,16341,5787,5787,277114,11200,1700,3200,1200,700,700,3050,300,300},
	[160] = {160,198044,16643,5893,5893,282215,11200,1700,3200,1200,700,700,3050,400,400},
	[161] = {161,208125,17946,6061,6061,304301,11200,1700,3200,1200,700,700,3070,400,400},
	[162] = {162,215067,18449,6231,6231,312819,11200,1700,3200,1200,700,700,3172,400,400},
	[163] = {163,220950,18953,6403,6403,321341,11200,1700,3200,1200,700,700,3172,400,400},
	[164] = {164,228566,19449,6571,6571,329795,11200,1700,3200,1200,800,800,3272,400,400},
	[165] = {165,234446,19950,6739,6739,338301,11200,1700,3200,1200,800,800,3272,400,400},
	[166] = {166,242332,20787,6910,6910,352455,11200,1700,3200,1200,800,800,3490,400,400},
	[167] = {167,256031,22011,7077,7077,373250,11200,1700,3200,1200,800,800,3600,400,400},
	[168] = {168,262177,22538,7248,7248,382200,11200,1700,3200,1200,800,800,3600,400,400},
	[169] = {169,268290,23064,7417,7417,391102,11200,1700,3200,1200,800,800,3600,400,400},
	[170] = {170,274411,23591,7586,7586,400022,11200,1700,3200,1200,800,800,3600,400,400},
	[171] = {171,283258,24543,7754,7754,416171,11200,1700,3200,1200,800,800,3825,400,400},
	[172] = {172,290293,25079,7924,7924,425244,11200,1700,3200,1200,900,900,3825,400,400},
	[173] = {173,296510,25616,8093,8093,434370,11200,1700,3200,1200,900,900,3825,400,400},
	[174] = {174,302683,26149,8262,8262,443403,11200,1700,3200,1200,900,900,3825,400,400},
	[175] = {175,310495,26685,8432,8432,452489,11200,1700,3200,1200,900,900,3825,500,500},
	[176] = {176,323777,27695,8599,8599,469588,11200,1700,3200,1200,900,900,4300,500,500},
	[177] = {177,330099,28234,8767,8767,478777,11200,1700,3200,1200,900,900,4300,500,500},
	[178] = {178,336497,28782,8938,8938,488017,11200,1700,3200,1200,900,900,4300,500,500},
	[179] = {179,342843,29323,9107,9107,497233,11200,1700,3200,1200,900,900,4300,500,500},
	[180] = {180,350217,29867,9275,9275,506461,11200,1700,3200,1200,1000,1000,4300,500,500},
	[181] = {181,365513,31385,9582,9582,532166,11200,1700,3200,1200,1000,1000,4540,500,500},
	[182] = {182,382781,32389,9889,9889,549204,11300,1800,3300,1300,1000,1000,4540,500,500},
	[183] = {183,394644,33394,10195,10195,566220,11300,1800,3300,1300,1000,1000,4540,500,500},
	[184] = {184,406511,34397,10502,10502,583249,11300,1800,3300,1300,1100,1100,4640,500,500},
	[185] = {185,423951,35405,10809,10809,600371,11300,1800,3300,1300,1100,1100,4640,500,500},
	[186] = {186,464239,38457,11116,11116,652085,11400,1900,3400,1400,1100,1100,5160,600,600},
	[187] = {187,477085,39520,11424,11424,670132,11400,1900,3400,1400,1100,1100,5160,600,600},
	[188] = {188,492447,40584,11734,11734,688222,11400,1900,3400,1400,1100,1100,5160,600,600},
	[189] = {189,505333,41649,12040,12040,706218,11400,1900,3400,1400,1200,1200,5160,600,600},
	[190] = {190,532864,42716,12348,12348,724299,11500,2000,3500,1500,1200,1200,5440,600,600},
	[191] = {191,545209,44570,12654,12654,755670,11500,2000,3500,1500,1200,1200,5415,600,600},
	[192] = {192,560104,45650,12965,12965,774053,11500,2000,3500,1500,1200,1200,5415,600,600},
	[193] = {193,573419,46735,13273,13273,792462,11500,2000,3500,1500,1300,1300,5415,600,600},
	[194] = {194,603570,47820,13580,13580,810871,11600,2100,3600,1600,1300,1300,5710,700,700},
	[195] = {195,617275,48908,13888,13888,829260,11600,2100,3600,1600,1300,1300,5710,700,700},
	[196] = {196,638895,50878,14199,14199,862669,11600,2100,3600,1600,1300,1300,5980,700,700},
	[197] = {197,652727,51980,14505,14505,881381,11600,2100,3600,1600,1400,1400,6080,700,700},
	[198] = {198,677801,53079,14814,14814,900064,11700,2200,3700,1700,1400,1400,6080,700,700},
	[199] = {199,705745,54188,15124,15124,918888,11700,2200,3700,1700,1400,1400,6390,700,700},
	[200] = {200,720142,55296,15431,15431,937638,11700,2200,3700,1700,1400,1400,6390,700,700},
	[201] = {201,738638,56957,15624,15624,965828,11700,2200,3700,1700,1500,1500,6675,700,700},
	[202] = {202,747760,57664,15817,15817,977700,11700,2200,3700,1700,1500,1500,6675,800,800},
	[203] = {203,760540,58370,16013,16013,989770,11700,2200,3700,1700,1500,1500,6675,800,800},
	[204] = {204,806913,61497,16205,16205,1042746,11700,2200,3700,1700,1500,1500,7000,800,800},
	[205] = {205,818869,62227,16398,16398,1055167,11700,2200,3700,1700,1500,1500,7000,800,800},
	[206] = {206,840580,64104,16591,16591,1086999,11700,2200,3700,1700,1500,1500,7300,800,800},
	[207] = {207,850407,64857,16783,16783,1099709,11700,2200,3700,1700,1500,1500,7300,800,800},
	[208] = {208,864369,65604,16978,16978,1112414,11700,2200,3700,1700,1500,1500,7300,800,800},
	[209] = {209,874195,66347,17173,17173,1125040,11700,2200,3700,1700,1600,1600,7400,800,800},
	[210] = {210,884077,67098,17365,17365,1137809,11700,2200,3700,1700,1600,1600,7400,900,900},
	[211] = {211,906757,69060,17557,17557,1170996,11700,2200,3700,1700,1600,1600,7700,900,900},
	[212] = {212,916737,69815,17752,17752,1183911,11700,2200,3700,1700,1600,1600,7700,900,900},
	[213] = {213,942169,70580,17946,17946,1196820,11800,2300,3800,1800,1600,1600,7700,900,900},
	[214] = {214,952332,71339,18141,18141,1209725,11800,2300,3800,1800,1600,1600,7700,900,900},
	[215] = {215,966902,72103,18332,18332,1222625,11800,2300,3800,1800,1600,1600,7700,900,900},
	[216] = {216,995662,74140,18527,18527,1257167,11800,2300,3800,1800,1600,1600,8000,900,900},
	[217] = {217,1006076,74917,18721,18721,1270286,11800,2300,3800,1800,1700,1700,8000,1000,1000},
	[218] = {218,1016516,75694,18915,18915,1283482,11800,2300,3800,1800,1700,1700,8000,1000,1000},
	[219] = {219,1026892,76465,19106,19106,1296674,11800,2300,3800,1800,1700,1700,8000,1000,1000},
	[220] = {220,1037302,77242,19300,19300,1309780,11800,2300,3800,1800,1700,1700,8000,1000,1000},
	[221] = {221,1087773,80944,19995,19995,1372531,11800,2300,3800,1800,1700,1700,8300,1000,1000},
	[222] = {222,1125486,83748,20689,20689,1420130,11800,2300,3800,1800,1700,1700,8300,1000,1000},
	[223] = {223,1163247,86558,21384,21384,1467747,11800,2300,3800,1800,1800,1800,8300,1000,1000},
	[224] = {224,1206681,89365,22077,22077,1515381,11800,2300,3800,1800,1800,1800,8300,1000,1000},
	[225] = {225,1244565,92172,22770,22770,1562941,11800,2300,3800,1800,1800,1800,8300,1100,1100},
	[226] = {226,1282581,94985,23467,23467,1610673,11800,2300,3800,1800,1800,1800,8300,1100,1100},
	[227] = {227,1320425,97793,24159,24159,1658130,11800,2300,3800,1800,1800,1800,8300,1100,1100},
	[228] = {228,1358286,100596,24851,24851,1705712,11800,2300,3800,1800,1900,1900,8300,1100,1100},
	[229] = {229,1406515,103402,25543,25543,1753333,11800,2300,3800,1800,1900,1900,8300,1100,1100},
	[230] = {230,1444656,106202,26238,26238,1800870,11800,2300,3800,1800,1900,1900,8300,1100,1100},
	[231] = {231,1496467,110251,26929,26929,1869358,11800,2300,3800,1800,1900,1900,8500,1100,1100},
	[232] = {232,1534944,113078,27624,27624,1917462,11800,2300,3800,1800,1900,1900,8500,1100,1100},
	[233] = {233,1573385,115914,28314,28314,1965474,11800,2300,3800,1800,2000,2000,8600,1200,1200},
	[234] = {234,1611859,118745,29008,29008,2013539,11800,2300,3800,1800,2000,2000,8600,1200,1200},
	[235] = {235,1658082,121579,29698,29698,2061633,11800,2300,3800,1800,2000,2000,8600,1200,1200},
	[236] = {236,1696736,124411,30391,30391,2109710,11800,2300,3800,1800,2000,2000,8600,1200,1200},
	[237] = {237,1740305,127248,31080,31080,2157721,11800,2300,3800,1800,2000,2000,8600,1200,1200},
	[238] = {238,1779094,130087,31773,31773,2205761,11800,2300,3800,1800,2100,2100,8600,1200,1200},
	[239] = {239,1817791,132913,32466,32466,2253736,11800,2300,3800,1800,2100,2100,8600,1200,1200},
	[240] = {240,1856509,135741,33159,33159,2301740,11800,2300,3800,1800,2100,2100,8600,1300,1300},
	[241] = {241,1950879,140869,34243,34243,2388566,11900,2400,3900,1900,2100,2100,8800,1300,1300},
	[242] = {242,2003528,144543,35338,35338,2449802,11900,2400,3900,1900,2200,2200,8800,1300,1300},
	[243] = {243,2056165,148214,36442,36442,2510780,11900,2400,3900,1900,2200,2200,8800,1300,1300},
	[244] = {244,2109343,151885,37557,37557,2572970,11900,2400,3900,1900,2200,2200,8900,1300,1300},
	[245] = {245,2191539,155559,38683,38683,2635208,12000,2500,4000,2000,2200,2200,8900,1300,1300},
	[246] = {246,2245641,159230,39818,39818,2697398,12000,2500,4000,2000,2300,2300,8900,1300,1300},
	[247] = {247,2299861,162901,40964,40964,2759588,12000,2500,4000,2000,2300,2300,8900,1400,1400},
	[248] = {248,2385199,166572,42120,42120,2821778,12100,2600,4100,2100,2300,2300,8900,1400,1400},
	[249] = {249,2440396,170246,43287,43287,2884016,12100,2600,4100,2100,2300,2300,8900,1400,1400},
	[250] = {250,2495657,173917,44463,44463,2946206,12100,2600,4100,2100,2400,2400,8900,1400,1400},
	[251] = {251,2584198,177589,45649,45649,3008396,12200,2700,4200,2200,2400,2400,9100,1400,1400},
	[252] = {252,2647969,181263,46847,46847,3070634,12200,2700,4200,2200,2400,2400,9100,1400,1400},
	[253] = {253,2704450,184934,48054,48054,3132824,12200,2700,4200,2200,2500,2500,9100,1400,1400},
	[254] = {254,2761052,188605,49272,49272,3195014,12200,2700,4200,2200,2500,2500,9100,1500,1500},
	[255] = {255,2867355,192279,50500,50500,3257252,12300,2800,4300,2300,2500,2500,9200,1500,1500},
	[256] = {256,2925177,195950,51738,51738,3319442,12300,2800,4300,2300,2500,2500,9200,1500,1500},
	[257] = {257,2983111,199621,52986,52986,3381632,12300,2800,4300,2300,2600,2600,9200,1500,1500},
	[258] = {258,3079701,203292,54244,54244,3443821,12400,2900,4400,2400,2600,2600,9200,1500,1500},
	[259] = {259,3138655,206966,55514,55514,3506060,12400,2900,4400,2400,2600,2600,9200,1500,1500},
	[260] = {260,3211923,210637,56793,56793,3568250,12400,2900,4400,2400,2600,2600,9200,1500,1500},
	[261] = {261,3262539,213733,57926,57926,3620689,12400,2900,4400,2400,2600,2600,9400,1600,1600},
	[262] = {262,3322656,216828,59068,59068,3673128,12400,2900,4400,2400,2700,2700,9400,1600,1600},
	[263] = {263,3431767,219927,60219,60219,3725616,12500,3000,4500,2500,2700,2700,9400,1600,1600},
	[264] = {264,3483697,223022,61378,61378,3778055,12500,3000,4500,2500,2700,2700,9400,1600,1600},
	[265] = {265,3561395,226118,62546,62546,3830495,12500,3000,4500,2500,2700,2700,9500,1600,1600},
	[266] = {266,3630577,229213,63723,63723,3882934,12500,3000,4500,2500,2700,2700,9500,1700,1700},
	[267] = {267,3683439,232309,64908,64908,3935373,12500,3000,4500,2500,2700,2700,9500,1700,1700},
	[268] = {268,3736437,235407,66102,66102,3987861,12500,3000,4500,2500,2700,2700,9500,1700,1700},
	[269] = {269,3800205,238503,67305,67305,4040300,12500,3000,4500,2500,2700,2700,9500,1700,1700},
	[270] = {270,3888066,241599,68516,68516,4092740,12500,3000,4500,2500,2700,2700,9500,1700,1700},
	[271] = {271,3941952,244694,69735,69735,4145179,12500,3000,4500,2500,2700,2700,9700,1700,1700},
	[272] = {272,4007208,247790,70964,70964,4197618,12500,3000,4500,2500,2700,2700,9700,1800,1800},
	[273] = {273,4079967,250888,72201,72201,4250106,12500,3000,4500,2500,2700,2700,9800,1800,1800},
	[274] = {274,4185693,253984,73447,73447,4302545,12600,3100,4600,2600,2700,2700,9800,1800,1800},
	[275] = {275,4271327,257079,74701,74701,4354985,12600,3100,4600,2600,2700,2700,9800,1800,1800},
	[276] = {276,4346730,260175,75964,75964,4407424,12600,3100,4600,2600,2700,2700,9800,1800,1800},
	[277] = {277,4402977,263270,77236,77236,4459863,12600,3100,4600,2600,2700,2700,9800,1800,1800},
	[278] = {278,4471860,266369,78517,78517,4512351,12600,3100,4600,2600,2700,2700,9800,1900,1900},
	[279] = {279,4548799,269464,79806,79806,4564791,12600,3100,4600,2600,2700,2700,9800,1900,1900},
	[280] = {280,4625390,272560,81103,81103,4617230,12600,3100,4600,2600,2700,2700,9800,1900,1900},
	[281] = {281,4701636,276769,82742,82742,4688540,12600,3100,4600,2600,2800,2800,10000,1900,1900},
	[282] = {282,4791372,280979,84393,84393,4759849,12600,3100,4600,2600,2800,2800,10100,1900,1900},
	[283] = {283,4868130,285188,86056,86056,4831159,12600,3100,4600,2600,2900,2900,10100,2000,2000},
	[284] = {284,4945045,289398,87731,87731,4902469,12600,3100,4600,2600,2900,2900,10100,2000,2000},
	[285] = {285,5022091,293607,89417,89417,4973778,12600,3100,4600,2600,2900,2900,10100,2000,2000},
	[286] = {286,5161560,297817,91115,91115,5045088,12700,3200,4700,2700,3000,3000,10100,2000,2000},
	[287] = {287,5239850,302026,92825,92825,5116398,12700,3200,4700,2700,3000,3000,10100,2000,2000},
	[288] = {288,5356816,306236,94546,94546,5187707,12700,3200,4700,2700,3100,3100,10100,2100,2100},
	[289] = {289,5435965,310445,96279,96279,5259017,12700,3200,4700,2700,3100,3100,10200,2100,2100},
	[290] = {290,5515274,314655,98024,98024,5330327,12700,3200,4700,2700,3100,3100,10200,2100,2100},
	[291] = {291,5594728,318864,99781,99781,5401637,12700,3200,4700,2700,3200,3200,10400,2100,2100},
	[292] = {292,5674342,323074,101550,101550,5472946,12700,3200,4700,2700,3200,3200,10400,2100,2100},
	[293] = {293,5754089,327283,103330,103330,5544256,12700,3200,4700,2700,3300,3300,10400,2200,2200},
	[294] = {294,5850187,331493,105122,105122,5615566,12700,3200,4700,2700,3300,3300,10400,2200,2200},
	[295] = {295,5930461,335702,106926,106926,5686875,12700,3200,4700,2700,3300,3300,10400,2200,2200},
	[296] = {296,6010883,339912,108741,108741,5758185,12700,3200,4700,2700,3400,3400,10400,2200,2200},
	[297] = {297,6117194,344121,110569,110569,5829495,12700,3200,4700,2700,3400,3400,10500,2200,2200},
	[298] = {298,6198264,348331,112408,112408,5900804,12700,3200,4700,2700,3500,3500,10500,2300,2300},
	[299] = {299,6307169,352540,114259,114259,5972114,12700,3200,4700,2700,3500,3500,10500,2300,2300},
	[300] = {300,6406574,356750,116121,116121,6043424,12700,3200,4700,2700,3500,3500,10500,2300,2300},
	[301] = {301,6468455,359834,117628,117628,6095669,12700,3200,4700,2700,3500,3500,10700,2400,2400},
	[302] = {302,6559103,362918,119143,119143,6147914,12800,3300,4800,2800,3500,3500,10800,2400,2400},
	[303] = {303,6621476,366002,120667,120667,6200160,12800,3300,4800,2800,3500,3500,10800,2500,2500},
	[304] = {304,6713158,369086,122199,122199,6252405,12800,3300,4800,2800,3500,3500,10800,2600,2600},
	[305] = {305,6776076,372173,123741,123741,6304699,12800,3300,4800,2800,3500,3500,10900,2600,2600},
	[306] = {306,6868810,375257,125291,125291,6356944,12800,3300,4800,2800,3500,3500,10900,2700,2700},
	[307] = {307,6932169,378341,126849,126849,6409189,12900,3400,4900,2900,3500,3500,10900,2800,2800},
	[308] = {308,7130401,381425,128416,128416,6461434,12900,3400,4900,2900,3500,3500,11000,2800,2800},
	[309] = {309,7195206,384509,129991,129991,6513680,12900,3400,4900,2900,3500,3500,11000,2900,2900},
	[310] = {310,7321331,387593,131575,131575,6565925,12900,3400,4900,2900,3500,3500,11000,3000,3000},
	[311] = {311,7386931,390678,133168,133168,6618170,12900,3400,4900,2900,3500,3500,11300,3000,3000},
	[312] = {312,7484512,393762,134769,134769,6670416,12900,3400,4900,2900,3600,3600,11300,3100,3100},
	[313] = {313,7550614,396846,136379,136379,6722661,13000,3500,5000,3000,3600,3600,11300,3200,3200},
	[314] = {314,7649278,399930,137998,137998,6774906,13000,3500,5000,3000,3600,3600,11400,3200,3200},
	[315] = {315,7715946,403017,139626,139626,6827200,13000,3500,5000,3000,3600,3600,11400,3300,3300},
	[316] = {316,7837181,406101,141261,141261,6879445,13000,3500,5000,3000,3600,3600,11400,3400,3400},
	[317] = {317,7904314,409185,142892,142892,6931690,13000,3500,5000,3000,3600,3600,11500,3400,3400},
	[318] = {318,7997518,412269,143969,143969,6983936,13100,3600,5100,3100,3600,3600,11500,3500,3500},
	[319] = {319,8057344,415353,145046,145046,7036181,13100,3600,5100,3100,3600,3600,11600,3600,3600},
	[320] = {320,8151303,418437,146123,146123,7088426,13100,3600,5100,3100,3600,3600,11600,3600,3600},
	[321] = {321,8363095,426430,148914,148914,7223818,13100,3600,5100,3100,3600,3600,11800,3700,3700},
	[322] = {322,8657576,434425,151706,151706,7359258,13100,3600,5100,3100,3600,3600,11800,3700,3700},
	[323] = {323,8851786,442417,154497,154497,7494649,13100,3600,5100,3100,3600,3600,11900,3700,3700},
	[324] = {324,9073759,450409,157288,157288,7630040,13200,3700,5200,3200,3600,3600,11900,3700,3700},
	[325] = {325,9271129,458405,160080,160080,7765480,13200,3700,5200,3200,3600,3600,11900,3800,3800},
	[326] = {326,9620588,466397,162871,162871,7900872,13200,3700,5200,3200,3700,3700,11900,3800,3800},
	[327] = {327,9852142,474389,165662,165662,8036263,13200,3700,5200,3200,3700,3700,11900,3800,3800},
	[328] = {328,10056862,482382,168453,168453,8171655,13200,3700,5200,3200,3700,3700,12000,3900,3900},
	[329] = {329,10292821,490377,171245,171245,8307094,13200,3700,5200,3200,3700,3700,12000,3900,3900},
	[330] = {330,10623115,498369,174036,174036,8442486,13200,3700,5200,3200,3700,3700,12000,3900,3900},
	[331] = {331,10836787,506361,176827,176827,8577877,13200,3700,5200,3200,3700,3700,12200,3900,3900},
	[332] = {332,11079762,514356,179619,179619,8713317,13300,3800,5300,3300,3800,3800,12200,4000,4000},
	[333] = {333,11296731,522349,182410,182410,8848709,13300,3800,5300,3300,3800,3800,12300,4000,4000},
	[334] = {334,11723218,530341,185201,185201,8984100,13300,3800,5300,3300,3800,3800,12300,4000,4000},
	[335] = {335,11899950,538336,187993,187993,9119540,13300,3800,5300,3300,3800,3800,12300,4000,4000},
	[336] = {336,12169379,546329,190784,190784,9254931,13300,3800,5300,3300,3800,3800,12300,4100,4100},
	[337] = {337,12380745,554321,193575,193575,9390323,13300,3800,5300,3300,3800,3800,12400,4100,4100},
	[338] = {338,12799157,562313,196366,196366,9525714,13300,3800,5300,3300,3900,3900,12400,4100,4100},
	[339] = {339,12981138,570308,199158,199158,9661154,13300,3800,5300,3300,3900,3900,12400,4200,4200},
	[340] = {340,13298342,578301,201949,201949,9796545,13400,3900,5400,3400,3900,3900,12400,4200,4200},
	[341] = {341,13451571,584964,204276,204276,9909428,13400,3900,5400,3400,3900,3900,12600,4200,4200},
	[342] = {342,13691233,591628,206603,206603,10022311,13400,3900,5400,3400,3900,3900,12700,4200,4200},
	[343] = {343,13898488,598289,208929,208929,10135145,13400,3900,5400,3400,3900,3900,12700,4200,4200},
	[344] = {344,14142070,604952,211256,211256,10248028,13400,3900,5400,3400,3900,3900,12700,4200,4200},
	[345] = {345,14458882,611616,213583,213583,10360911,13400,3900,5400,3400,3900,3900,12800,4200,4200},
	[346] = {346,14655454,618279,215910,215910,10473794,13400,3900,5400,3400,3900,3900,12800,4200,4200},
	[347] = {347,14923384,624943,218237,218237,10586676,13500,4000,5500,3500,3900,3900,12800,4200,4200},
	[348] = {348,15122626,631604,220563,220563,10699511,13500,4000,5500,3500,3900,3900,12900,4200,4200},
	[349] = {349,15337004,638267,222890,222890,10812393,13500,4000,5500,3500,3900,3900,12900,4200,4200},
	[350] = {350,15497128,644931,225217,225217,10925276,13500,4000,5500,3500,3900,3900,12900,4200,4200},
	[351] = {351,15698848,651594,227544,227544,11038159,13500,4000,5500,3500,3900,3900,13200,4200,4200},
	[352] = {352,15975853,658258,229871,229871,11151042,13500,4000,5500,3500,3900,3900,13200,4200,4200},
	[353] = {353,16180278,664919,232197,232197,11263876,13500,4000,5500,3500,3900,3900,13200,4200,4200},
	[354] = {354,16400430,671582,234524,234524,11376759,13500,4000,5500,3500,3900,3900,13300,4300,4300},
	[355] = {355,16791832,678246,236851,236851,11489642,13600,4100,5600,3600,3900,3900,13300,4300,4300},
	[356] = {356,17020036,684910,239178,239178,11602524,13600,4100,5600,3600,3900,3900,13300,4300,4300},
	[357] = {357,17291611,691573,241505,241505,11715407,13600,4100,5600,3600,3900,3900,13300,4300,4300},
	[358] = {358,17458153,698234,243831,243831,11828241,13600,4100,5600,3600,3900,3900,13400,4300,4300},
	[359] = {359,17733125,704898,246158,246158,11941124,13600,4100,5600,3600,3900,3900,13400,4300,4300},
	[360] = {360,17966788,711561,248485,248485,12054007,13600,4100,5600,3600,3900,3900,13400,4300,4300},
	[361] = {361,18227113,719983,251426,251426,12196675,13600,4100,5600,3600,4000,4000,13700,4300,4300},
	[362] = {362,18440322,728405,254367,254367,12339343,13600,4100,5600,3600,4100,4100,13700,4300,4300},
	[363] = {363,18702320,736827,257308,257308,12482011,13600,4100,5600,3600,4300,4300,13700,4300,4300},
	[364] = {364,19031514,745249,260249,260249,12624678,13600,4100,5600,3600,4400,4400,13700,4300,4300},
	[365] = {365,19246651,753673,263191,263191,12767395,13600,4100,5600,3600,4500,4500,13700,4400,4400},
	[366] = {366,19512360,762095,266132,266132,12910063,13600,4100,5600,3600,4600,4600,13700,4400,4400},
	[367] = {367,19851628,770517,269073,269073,13052731,13600,4100,5600,3600,4700,4700,13700,4400,4400},
	[368] = {368,20068610,778939,272014,272014,13195399,13600,4100,5600,3600,4900,4900,13700,4400,4400},
	[369] = {369,20338101,787361,274955,274955,13338067,13600,4100,5600,3600,5000,5000,13700,4400,4400},
	[370] = {370,20608704,795782,277896,277896,13480734,13600,4100,5600,3600,5100,5100,13700,4400,4400},
	[371] = {371,20826810,804204,280837,280837,13623402,13600,4100,5600,3600,5200,5200,14000,4500,4500},
	[372] = {372,21172102,812626,283778,283778,13766070,13600,4100,5600,3600,5300,5300,14000,4500,4500},
	[373] = {373,21446470,821048,286719,286719,13908738,13600,4100,5600,3600,5400,5400,14000,4500,4500},
	[374] = {374,21745247,829470,289660,289660,14051406,13600,4100,5600,3600,5600,5600,14000,4500,4500},
	[375] = {375,22022386,837895,292602,292602,14194123,13600,4100,5600,3600,5700,5700,14000,4500,4500},
	[376] = {376,22243729,846316,295543,295543,14336790,13600,4100,5600,3600,5800,5800,14000,4500,4500},
	[377] = {377,22770465,854738,298484,298484,14479458,13600,4100,5600,3600,5900,5900,14000,4500,4500},
	[378] = {378,23053437,863160,301425,301425,14622126,13600,4100,5600,3600,6000,6000,14000,4600,4600},
	[379] = {379,23278370,871582,304366,304366,14764794,13600,4100,5600,3600,6200,6200,14000,4600,4600},
	[380] = {380,23643963,880004,307307,307307,14907462,13600,4100,5600,3600,6300,6300,14000,4600,4600},
	[381] = {381,23877473,885496,309225,309225,15000504,13600,4100,5600,3600,6300,6300,14300,4600,4600},
	[382] = {382,24025581,890989,311143,311143,15093546,13700,4200,5700,3700,6300,6300,14300,4600,4600},
	[383] = {383,24234984,896481,313061,313061,15186589,13700,4200,5700,3700,6300,6300,14300,4700,4700},
	[384] = {384,24383536,901976,314980,314980,15279679,13700,4200,5700,3700,6300,6300,14300,4700,4700},
	[385] = {385,24620321,907469,316898,316898,15372721,13700,4200,5700,3700,6300,6300,14300,4700,4700},
	[386] = {386,25124131,912961,318816,318816,15465764,13700,4200,5700,3700,6300,6300,14300,4700,4700},
	[387] = {387,25275275,918453,320734,320734,15558806,13700,4200,5700,3700,6300,6300,14400,4700,4700},
	[388] = {388,25490744,923946,322652,322652,15651848,13800,4300,5800,3800,6300,6300,14400,4800,4800},
	[389] = {389,25733961,929438,324570,324570,15744890,13800,4300,5800,3800,6300,6300,14400,4800,4800},
	[390] = {390,25886110,934933,326489,326489,15837981,13800,4300,5800,3800,6300,6300,14400,4800,4800},
	[391] = {391,26038187,940426,328407,328407,15931023,13800,4300,5800,3800,6300,6300,14600,4800,4800},
	[392] = {392,26278570,945918,330325,330325,16024065,13800,4300,5800,3800,6400,6400,14600,4800,4800},
	[393] = {393,26878445,951411,332243,332243,16117107,13900,4400,5900,3900,6400,6400,14700,4900,4900},
	[394] = {394,27033608,956903,334161,334161,16210150,13900,4400,5900,3900,6400,6400,14700,4900,4900},
	[395] = {395,27188771,962395,336079,336079,16303192,13900,4400,5900,3900,6400,6400,14700,4900,4900},
	[396] = {396,27343943,967888,337997,337997,16396234,13900,4400,5900,3900,6400,6400,14700,4900,4900},
	[397] = {397,27596533,973383,339916,339916,16489325,13900,4400,5900,3900,6400,6400,14700,4900,4900},
	[398] = {398,27914891,978875,341834,341834,16582367,13900,4400,5900,3900,6400,6400,14700,5000,5000},
	[399] = {399,28071525,984368,343752,343752,16675409,14000,4500,6000,4000,6400,6400,14800,5000,5000},
	[400] = {400,28529032,989860,345670,345670,16768451,14000,4500,6000,4000,6400,6400,14800,5000,5000},
	[401] = {401,28774392,994874,347421,347421,16853392,14000,4500,6000,4000,6400,6400,15000,5000,5000},
	[402] = {402,28919413,999888,349172,349172,16938333,14000,4500,6000,4000,6400,6400,15000,5000,5000},
	[403] = {403,29137409,1004903,350923,350923,17023274,14000,4500,6000,4000,6500,6500,15000,5000,5000},
	[404] = {404,29282795,1009917,352674,352674,17108215,14000,4500,6000,4000,6500,6500,15000,5000,5000},
	[405] = {405,29428265,1014934,354426,354426,17193205,14000,4500,6000,4000,6500,6500,15000,5000,5000},
	[406] = {406,29671577,1019948,356177,356177,17278146,14000,4500,6000,4000,6500,6500,15000,5100,5100},
	[407] = {407,29817443,1024962,357928,357928,17363087,14000,4500,6000,4000,6500,6500,15000,5100,5100},
	[408] = {408,30143273,1029976,359679,359679,17448028,14000,4500,6000,4000,6600,6600,15100,5100,5100},
	[409] = {409,30290016,1034990,361430,361430,17532969,14000,4500,6000,4000,6600,6600,15100,5100,5100},
	[410] = {410,30436768,1040005,363181,363181,17617910,14000,4500,6000,4000,6600,6600,15100,5100,5100},
	[411] = {411,30583511,1045019,364932,364932,17702851,14000,4500,6000,4000,6600,6600,15300,5100,5100},
	[412] = {412,30730254,1050033,366683,366683,17787792,14000,4500,6000,4000,6600,6600,15300,5100,5100},
	[413] = {413,30954125,1055047,368434,368434,17872733,14000,4500,6000,4000,6600,6600,15300,5100,5100},
	[414] = {414,31203522,1060061,370185,370185,17957674,14000,4500,6000,4000,6700,6700,15300,5100,5100},
	[415] = {415,31459977,1065078,371937,371937,18042663,14000,4500,6000,4000,6700,6700,15300,5200,5200},
	[416] = {416,31608082,1070092,373688,373688,18127604,14000,4500,6000,4000,6700,6700,15300,5200,5200},
	[417] = {417,31756198,1075107,375439,375439,18212545,14000,4500,6000,4000,6700,6700,15300,5200,5200},
	[418] = {418,31983799,1080121,377190,377190,18297486,14000,4500,6000,4000,6700,6700,15400,5200,5200},
	[419] = {419,32132273,1085135,378941,378941,18382427,14000,4500,6000,4000,6800,6800,15400,5200,5200},
	[420] = {420,32280747,1090149,380692,380692,18467368,14000,4500,6000,4000,6800,6800,15400,5200,5200},
	[421] = {421,32973098,1103350,385302,385302,18691000,14000,4500,6000,4000,6900,6900,15600,5300,5300},
	[422] = {422,33648159,1116549,389911,389911,18914582,14000,4500,6000,4000,7000,7000,15600,5300,5300},
	[423] = {423,34129981,1129750,394521,394521,19138213,14000,4500,6000,4000,7100,7100,15600,5400,5400},
	[424] = {424,34732241,1142951,399131,399131,19361844,14100,4600,6100,4100,7200,7200,15600,5400,5400},
	[425] = {425,35426247,1156149,403740,403740,19585427,14100,4600,6100,4100,7300,7300,15600,5500,5500},
	[426] = {426,36033659,1169351,408350,408350,19809058,14100,4600,6100,4100,7400,7400,15600,5500,5500},
	[427] = {427,36742151,1182552,412960,412960,20032689,14100,4600,6100,4100,7400,7400,15700,5600,5600},
	[428] = {428,37368099,1195750,417569,417569,20256272,14100,4600,6100,4100,7500,7500,15700,5600,5600},
	[429] = {429,37999519,1208951,422179,422179,20479903,14100,4600,6100,4100,7600,7600,15700,5700,5700},
	[430] = {430,38722218,1222152,426789,426789,20703534,14100,4600,6100,4100,7700,7700,15700,5700,5700},
	[431] = {431,39365604,1235351,431398,431398,20927116,14100,4600,6100,4100,7800,7800,15700,5800,5800},
	[432] = {432,40110174,1248552,436008,436008,21150748,14100,4600,6100,4100,7900,7900,15700,5800,5800},
	[433] = {433,40630834,1261750,440617,440617,21374330,14100,4600,6100,4100,8000,8000,15700,5900,5900},
	[434] = {434,41290321,1274952,445227,445227,21597961,14100,4600,6100,4100,8100,8100,15700,5900,5900},
	[435] = {435,42185759,1288153,449837,449837,21821592,14100,4600,6100,4100,8200,8200,15700,6000,6000},
	[436] = {436,42718661,1301351,454446,454446,22045175,14100,4600,6100,4100,8300,8300,15800,6000,6000},
	[437] = {437,43498012,1314552,459056,459056,22268806,14100,4600,6100,4100,8400,8400,15800,6100,6100},
	[438] = {438,44182273,1327753,463666,463666,22492437,14100,4600,6100,4100,8500,8500,15800,6100,6100},
	[439] = {439,44872052,1340952,468275,468275,22716020,14100,4600,6100,4100,8600,8600,15800,6200,6200},
	[440] = {440,45665488,1354153,472885,472885,22939651,14100,4600,6100,4100,8700,8700,15800,6200,6200},
	[441] = {441,45985225,1360473,475092,475092,23046712,14100,4600,6100,4100,8700,8700,15800,6200,6200},
	[442] = {442,46946772,1366790,477298,477298,23153725,14100,4600,6100,4100,8700,8700,15900,6200,6200},
	[443] = {443,47308022,1373110,479505,479505,23260787,14100,4600,6100,4100,8700,8700,15900,6200,6200},
	[444] = {444,47635594,1379427,481711,481711,23367800,14200,4700,6200,4200,8700,8700,15900,6200,6200},
	[445] = {445,48110443,1385747,483918,483918,23474862,14200,4700,6200,4200,8700,8700,15900,6200,6200},
	[446] = {446,48596934,1392064,486124,486124,23581875,14200,4700,6200,4200,8700,8700,16000,6200,6200},
	[447] = {447,48929703,1398384,488331,488331,23688936,14200,4700,6200,4200,8700,8700,16000,6200,6200},
	[448] = {448,49412576,1404701,490537,490537,23795949,14200,4700,6200,4200,8700,8700,16000,6200,6200},
	[449] = {449,50268059,1411021,492744,492744,23903011,14200,4700,6200,4200,8700,8700,16000,6200,6200},
	[450] = {450,50761141,1417341,494951,494951,24010073,14300,4800,6300,4300,8700,8700,16100,6200,6200},
	[451] = {451,51150027,1423658,497157,497157,24117086,14300,4800,6300,4300,8700,8700,16100,6200,6200},
	[452] = {452,51648486,1429978,499364,499364,24224147,14300,4800,6300,4300,8700,8700,16100,6200,6200},
	[453] = {453,51994460,1436295,501570,501570,24331160,14300,4800,6300,4300,8700,8700,16100,6200,6200},
	[454] = {454,52341577,1442615,503777,503777,24438222,14300,4800,6300,4300,8700,8700,16200,6200,6200},
	[455] = {455,53014225,1448932,505983,505983,24545235,14300,4800,6300,4300,8700,8700,16200,6200,6200},
	[456] = {456,53917174,1455252,508190,508190,24652296,14300,4800,6300,4300,8700,8700,16200,6200,6200},
	[457] = {457,54434326,1461569,510396,510396,24759309,14400,4900,6400,4400,8700,8700,16200,6200,6200},
	[458] = {458,54792468,1467889,512603,512603,24866371,14400,4900,6400,4400,8700,8700,16300,6200,6200},
	[459] = {459,55201212,1474207,514809,514809,24973384,14400,4900,6400,4400,8700,8700,16300,6200,6200},
	[460] = {460,55726128,1480527,517016,517016,25080446,14400,4900,6400,4400,8700,8700,16300,6200,6200},
	[461] = {461,57545069,1525442,532701,532701,25841325,14400,4900,6400,4400,8700,8700,16300,6200,6200},
	[462] = {462,59239558,1570361,548387,548387,26602253,14400,4900,6400,4400,8700,8700,16300,6200,6200},
	[463] = {463,60933924,1615276,564072,564072,27363132,14400,4900,6400,4400,8700,8700,16300,6200,6200},
	[464] = {464,62767995,1660192,579757,579757,28124012,14400,4900,6400,4400,8700,8700,16300,6200,6200},
	[465] = {465,64667613,1705110,595443,595443,28884939,14400,4900,6400,4400,8700,8700,16300,6200,6200},
	[466] = {466,66565866,1750026,611128,611128,29645819,14400,4900,6400,4400,8700,8700,16300,6200,6200},
	[467] = {467,68274315,1794941,626813,626813,30406698,14400,4900,6400,4400,8700,8700,16300,6200,6200},
	[468] = {468,70138525,1839857,642498,642498,31167577,14400,4900,6400,4400,8700,8700,16300,6200,6200},
	[469] = {469,71850887,1884775,658184,658184,31928505,14400,4900,6400,4400,8700,8700,16300,6200,6200},
	[470] = {470,74315636,1929691,673869,673869,32689385,14400,4900,6400,4400,8700,8700,16300,6200,6200},
	[471] = {471,76450973,1974606,689554,689554,33450264,14400,4900,6400,4400,8700,8700,16300,6200,6200},
	[472] = {472,78190090,2019525,705240,705240,34211192,14400,4900,6400,4400,8700,8700,16300,6200,6200},
	[473] = {473,80162153,2064440,720925,720925,34972071,14400,4900,6400,4400,8700,8700,16300,6200,6200},
	[474] = {474,81906229,2109356,736610,736610,35732951,14400,4900,6400,4400,8700,8700,16300,6200,6200},
	[475] = {475,83835744,2154274,752296,752296,36493878,14400,4900,6400,4400,8700,8700,16300,6200,6200},
	[476] = {476,85583685,2199190,767981,767981,37254758,14400,4900,6400,4400,8700,8700,16300,6200,6200},
	[477] = {477,87601219,2244105,783666,783666,38015637,14400,4900,6400,4400,8700,8700,16300,6200,6200},
	[478] = {478,89552097,2289021,799351,799351,38776517,14400,4900,6400,4400,8700,8700,16300,6200,6200},
	[479] = {479,91309409,2333939,815037,815037,39537444,14400,4900,6400,4400,8700,8700,16300,6200,6200},
	[480] = {480,93066622,2378855,830722,830722,40298324,14400,4900,6400,4400,8700,8700,16300,6200,6200},
	[481] = {481,93644347,2388354,834039,834039,40459231,14400,4900,6400,4400,8800,8800,16300,6200,6200},
	[482] = {482,94016767,2397852,837356,837356,40620139,14400,4900,6400,4400,8800,8800,16300,6200,6200},
	[483] = {483,94596953,2407351,840673,840673,40781047,14400,4900,6400,4400,8900,8900,16300,6200,6200},
	[484] = {484,94970191,2416849,843990,843990,40941954,14400,4900,6400,4400,8900,8900,16300,6200,6200},
	[485] = {485,95552836,2426348,847307,847307,41102862,14400,4900,6400,4400,9000,9000,16300,6200,6200},
	[486] = {486,95926895,2435846,850624,850624,41263770,14400,4900,6400,4400,9000,9000,16300,6200,6200},
	[487] = {487,96300966,2445345,853941,853941,41424677,14400,4900,6400,4400,9100,9100,16300,6200,6200},
	[488] = {488,96886890,2454844,857258,857258,41585585,14400,4900,6400,4400,9100,9100,16300,6200,6200},
	[489] = {489,97261769,2464342,860575,860575,41746493,14400,4900,6400,4400,9100,9100,16300,6200,6200},
	[490] = {490,97850151,2473841,863892,863892,41907400,14400,4900,6400,4400,9200,9200,16300,6200,6200},
	[491] = {491,98225735,2483336,867208,867208,42068260,14400,4900,6400,4400,9200,9200,16300,6200,6200},
	[492] = {492,98816576,2492835,870525,870525,42229167,14400,4900,6400,4400,9300,9300,16300,6200,6200},
	[493] = {493,99480610,2502333,873842,873842,42390075,14400,4900,6400,4400,9300,9300,16300,6200,6200},
	[494] = {494,100075631,2511832,877159,877159,42550983,14400,4900,6400,4400,9400,9400,16300,6200,6200},
	[495] = {495,100454075,2521331,880476,880476,42711890,14400,4900,6400,4400,9400,9400,16300,6200,6200},
	[496] = {496,101051549,2530829,883793,883793,42872798,14400,4900,6400,4400,9500,9500,16300,6200,6200},
	[497] = {497,101430816,2540328,887110,887110,43033706,14400,4900,6400,4400,9500,9500,16300,6200,6200},
	[498] = {498,101810069,2549826,890427,890427,43194613,14400,4900,6400,4400,9600,9600,16300,6200,6200},
	[499] = {499,102410844,2559325,893744,893744,43355521,14400,4900,6400,4400,9600,9600,16300,6200,6200},
	[500] = {500,102790920,2568823,897061,897061,43516429,14400,4900,6400,4400,9600,9600,16300,6200,6200},
	[501] = {501,103655824,2590438,904609,904609,43882582,14400,4900,6400,4400,9700,9700,16300,6200,6200},
	[502] = {502,104520717,2612052,912157,912157,44248736,14400,4900,6400,4400,9700,9700,16400,6300,6300},
	[503] = {503,105613681,2633670,919706,919706,44614938,14400,4900,6400,4400,9700,9700,16400,6300,6300},
	[504] = {504,106807208,2655284,927254,927254,44981091,14400,4900,6400,4400,9700,9700,16400,6300,6300},
	[505] = {505,107986896,2676899,934802,934802,45347245,14500,5000,6500,4500,9700,9700,16400,6300,6300},
	[506] = {506,109961028,2698513,942350,942350,45713398,14500,5000,6500,4500,9700,9700,16400,6300,6300},
	[507] = {507,110841783,2720127,949898,949898,46079551,14500,5000,6500,4500,9800,9800,16500,6300,6300},
	[508] = {508,111722671,2741745,957447,957447,46445753,14500,5000,6500,4500,9800,9800,16500,6300,6300},
	[509] = {509,112603427,2763359,964995,964995,46811907,14500,5000,6500,4500,9800,9800,16500,6400,6400},
	[510] = {510,113810108,2784974,972543,972543,47178060,14500,5000,6500,4500,9800,9800,16500,6400,6400},
	[511] = {511,114693394,2806588,980091,980091,47544214,14500,5000,6500,4500,9800,9800,16500,6400,6400},
	[512] = {512,115928381,2828203,987639,987639,47910367,14500,5000,6500,4500,9800,9800,16600,6400,6400},
	[513] = {513,116814473,2849820,995188,995188,48276569,14500,5000,6500,4500,9900,9900,16600,6400,6400},
	[514] = {514,118880212,2871434,1002736,1002736,48642723,14500,5000,6500,4500,9900,9900,16600,6400,6400},
	[515] = {515,120116894,2893049,1010284,1010284,49008876,14600,5100,6600,4600,9900,9900,16600,6500,6500},
	[516] = {516,121014301,2914663,1017832,1017832,49375030,14600,5100,6600,4600,9900,9900,16600,6500,6500},
	[517] = {517,121911722,2936278,1025380,1025380,49741183,14600,5100,6600,4600,9900,9900,16700,6500,6500},
	[518] = {518,123074306,2957895,1032929,1032929,50107385,14600,5100,6600,4600,9900,9900,16700,6500,6500},
	[519] = {519,124326440,2979509,1040477,1040477,50473539,14600,5100,6600,4600,9900,9900,16700,6500,6500},
	[520] = {520,125606230,3001124,1048025,1048025,50839692,14600,5100,6600,4600,10000,10000,16700,6500,6500},
	[521] = {521,125931019,3008884,1050735,1050735,50971154,14600,5100,6600,4600,10000,10000,16700,6500,6500},
	[522] = {522,126255823,3016645,1053445,1053445,51102616,14600,5100,6600,4600,10000,10000,16700,6500,6500},
	[523] = {523,126580613,3024405,1056155,1056155,51234079,14600,5100,6600,4600,10000,10000,16700,6500,6500},
	[524] = {524,126905403,3032165,1058865,1058865,51365541,14600,5100,6600,4600,10000,10000,16700,6500,6500},
	[525] = {525,127230206,3039926,1061575,1061575,51497003,14600,5100,6600,4600,10000,10000,16700,6500,6500},
	[526] = {526,127554996,3047686,1064285,1064285,51628465,14600,5100,6600,4600,10000,10000,16700,6500,6500},
	[527] = {527,127879786,3055446,1066995,1066995,51759927,14600,5100,6600,4600,10000,10000,16700,6500,6500},
	[528] = {528,128204589,3063207,1069705,1069705,51891389,14600,5100,6600,4600,10000,10000,16700,6500,6500},
	[529] = {529,128529379,3070967,1072415,1072415,52022851,14600,5100,6600,4600,10000,10000,16700,6500,6500},
	[530] = {530,128854168,3078727,1075125,1075125,52154313,14600,5100,6600,4600,10000,10000,16700,6500,6500},
	[531] = {531,129178851,3086485,1077834,1077834,52285727,14600,5100,6600,4600,10000,10000,16700,6500,6500},
	[532] = {532,129503640,3094245,1080544,1080544,52417189,14600,5100,6600,4600,10000,10000,16700,6500,6500},
	[533] = {533,129828444,3102006,1083254,1083254,52548651,14600,5100,6600,4600,10000,10000,16700,6500,6500},
	[534] = {534,130153233,3109766,1085964,1085964,52680113,14600,5100,6600,4600,10000,10000,16700,6500,6500},
	[535] = {535,130478023,3117526,1088674,1088674,52811575,14600,5100,6600,4600,10000,10000,16700,6500,6500},
	[536] = {536,130802826,3125287,1091384,1091384,52943037,14600,5100,6600,4600,10000,10000,16700,6500,6500},
	[537] = {537,131127616,3133047,1094094,1094094,53074499,14600,5100,6600,4600,10000,10000,16700,6500,6500},
	[538] = {538,131452406,3140807,1096804,1096804,53205962,14600,5100,6600,4600,10000,10000,16700,6500,6500},
	[539] = {539,131777210,3148568,1099514,1099514,53337424,14600,5100,6600,4600,10000,10000,16700,6500,6500},
	[540] = {540,132101999,3156328,1102224,1102224,53468886,14600,5100,6600,4600,10000,10000,16700,6500,6500},
	[541] = {541,132539817,3166789,1105877,1105877,53646093,14600,5100,6600,4600,10000,10000,16700,6600,6600},
	[542] = {542,132977741,3177252,1109531,1109531,53823348,14600,5100,6600,4600,10000,10000,16700,6600,6600},
	[543] = {543,133702886,3187713,1113184,1113184,54000555,14600,5100,6600,4600,10100,10100,16800,6600,6600},
	[544] = {544,134141646,3198174,1116837,1116837,54177762,14600,5100,6600,4600,10100,10100,16800,6600,6600},
	[545] = {545,134580529,3208638,1120491,1120491,54355018,14600,5100,6600,4600,10200,10200,16800,6600,6600},
	[546] = {546,135019275,3219098,1124144,1124144,54532225,14600,5100,6600,4600,10200,10200,16800,6600,6600},
	[547] = {547,135749134,3229559,1127797,1127797,54709432,14600,5100,6600,4600,10200,10200,16800,6700,6700},
	[548] = {548,136598547,3240020,1131450,1131450,54886639,14600,5100,6600,4600,10300,10300,16800,6700,6700},
	[549] = {549,137426214,3250483,1135104,1135104,55063895,14600,5100,6600,4600,10300,10300,16800,6700,6700},
	[550] = {550,137868484,3260944,1138757,1138757,55241102,14600,5100,6600,4600,10300,10300,16800,6700,6700},
	[551] = {551,138607346,3271405,1142410,1142410,55418309,14600,5100,6600,4600,10400,10400,16900,6700,6700},
	[552] = {552,139050673,3281868,1146064,1146064,55595564,14600,5100,6600,4600,10400,10400,16900,6800,6800},
	[553] = {553,139493891,3292329,1149717,1149717,55772771,14600,5100,6600,4600,10400,10400,16900,6800,6800},
	[554] = {554,139937109,3302790,1153370,1153370,55949978,14600,5100,6600,4600,10500,10500,16900,6800,6800},
	[555] = {555,140680823,3313253,1157024,1157024,56127234,14600,5100,6600,4600,10500,10500,16900,6800,6800},
	[556] = {556,141547085,3323714,1160677,1160677,56304441,14600,5100,6600,4600,10600,10600,16900,6800,6800},
	[557] = {557,141992581,3334175,1164330,1164330,56481648,14600,5100,6600,4600,10600,10600,16900,6800,6800},
	[558] = {558,142438076,3344636,1167983,1167983,56658855,14600,5100,6600,4600,10600,10600,16900,6900,6900},
	[559] = {559,143188770,3355099,1171637,1171637,56836110,14600,5100,6600,4600,10700,10700,17000,6900,6900},
	[560] = {560,143635216,3365560,1175290,1175290,57013317,14600,5100,6600,4600,10700,10700,17000,6900,6900},
	[561] = {561,144499796,3376350,1179058,1179058,57196103,14600,5100,6600,4600,10700,10700,17000,6900,6900},
	[562] = {562,144961584,3387140,1182826,1182826,57378889,14600,5100,6600,4600,10700,10700,17000,6900,6900},
	[563] = {563,145423371,3397930,1186594,1186594,57561674,14600,5100,6600,4600,10700,10700,17000,6900,6900},
	[564] = {564,147332701,3408720,1190362,1190362,57744460,14600,5100,6600,4600,10700,10700,17000,6900,6900},
	[565] = {565,147799071,3419510,1194130,1194130,57927246,14600,5100,6600,4600,10700,10700,17000,6900,6900},
	[566] = {566,148265440,3430300,1197898,1197898,58110031,14600,5100,6600,4600,10700,10700,17000,6900,6900},
	[567] = {567,148731810,3441090,1201666,1201666,58292817,14600,5100,6600,4600,10700,10700,17000,6900,6900},
	[568] = {568,149641994,3451880,1205434,1205434,58475603,14600,5100,6600,4600,10700,10700,17000,6900,6900},
	[569] = {569,150109752,3462670,1209202,1209202,58658389,14600,5100,6600,4600,10700,10700,17000,6900,6900},
	[570] = {570,150898341,3473460,1212970,1212970,58841174,14600,5100,6600,4600,10700,10700,17000,6900,6900},
	[571] = {571,151367095,3484250,1216738,1216738,59023960,14600,5100,6600,4600,10700,10700,17000,6900,6900},
	[572] = {572,151835849,3495040,1220506,1220506,59206746,14600,5100,6600,4600,10700,10700,17000,6900,6900},
	[573] = {573,152304616,3505831,1224274,1224274,59389531,14600,5100,6600,4600,10700,10700,17000,6900,6900},
	[574] = {574,152773371,3516621,1228042,1228042,59572317,14600,5100,6600,4600,10700,10700,17000,6900,6900},
	[575] = {575,153242125,3527411,1231810,1231810,59755103,14600,5100,6600,4600,10700,10700,17000,6900,6900},
	[576] = {576,153710878,3538201,1235578,1235578,59937888,14600,5100,6600,4600,10700,10700,17000,6900,6900},
	[577] = {577,154609335,3548991,1239346,1239346,60120674,14600,5100,6600,4600,10700,10700,17000,6900,6900},
	[578] = {578,155079396,3559781,1243114,1243114,60303460,14600,5100,6600,4600,10700,10700,17000,6900,6900},
	[579] = {579,155549455,3570571,1246882,1246882,60486245,14600,5100,6600,4600,10700,10700,17000,6900,6900},
	[580] = {580,156019516,3581361,1250650,1250650,60669031,14600,5100,6600,4600,10700,10700,17000,6900,6900},
	[581] = {581,156387409,3589806,1253599,1253599,60812087,14600,5100,6600,4600,10700,10700,17000,6900,6900},
	[582] = {582,156755161,3598247,1256547,1256547,60955094,14600,5100,6600,4600,10700,10700,17000,6900,6900},
	[583] = {583,157123054,3606692,1259496,1259496,61098150,14600,5100,6600,4600,10700,10700,17000,6900,6900},
	[584] = {584,157490948,3615137,1262445,1262445,61241206,14600,5100,6600,4600,10700,10700,17000,6900,6900},
	[585] = {585,157858715,3623579,1265393,1265393,61384214,14600,5100,6600,4600,10700,10700,17000,6900,6900},
	[586] = {586,158226609,3632024,1268342,1268342,61527270,14600,5100,6600,4600,10700,10700,17000,6900,6900},
	[587] = {587,158594487,3640468,1271291,1271291,61670326,14600,5100,6600,4600,10700,10700,17000,6900,6900},
	[588] = {588,158962254,3648910,1274239,1274239,61813333,14600,5100,6600,4600,10700,10700,17000,6900,6900},
	[589] = {589,159330147,3657355,1277188,1277188,61956389,14600,5100,6600,4600,10700,10700,17000,6900,6900},
	[590] = {590,159698041,3665800,1280137,1280137,62099445,14600,5100,6600,4600,10700,10700,17000,6900,6900},
	[591] = {591,160065808,3674242,1283085,1283085,62242453,14600,5100,6600,4600,10700,10700,17000,6900,6900},
	[592] = {592,160433687,3682686,1286034,1286034,62385509,14600,5100,6600,4600,10700,10700,17000,6900,6900},
	[593] = {593,160801453,3691128,1288982,1288982,62528516,14600,5100,6600,4600,10700,10700,17000,6900,6900},
	[594] = {594,161169347,3699573,1291931,1291931,62671572,14600,5100,6600,4600,10700,10700,17000,6900,6900},
	[595] = {595,161537240,3708018,1294880,1294880,62814628,14600,5100,6600,4600,10700,10700,17000,6900,6900},
	[596] = {596,162249242,3716460,1297828,1297828,62957636,14600,5100,6600,4600,10800,10800,17000,6900,6900},
	[597] = {597,162617918,3724905,1300777,1300777,63100692,14600,5100,6600,4600,10800,10800,17000,6900,6900},
	[598] = {598,162986579,3733349,1303726,1303726,63243748,14600,5100,6600,4600,10800,10800,17000,6900,6900},
	[599] = {599,163355127,3741791,1306674,1306674,63386755,14600,5100,6600,4600,10800,10800,17000,6900,6900},
	[600] = {600,163723803,3750236,1309623,1309623,63529811,14600,5100,6600,4600,10800,10800,17000,6900,6900},
	[601] = {601,163935948,3755095,1311320,1311320,63612133,14600,5100,6600,4600,10800,10800,17000,6900,6900},
	[602] = {602,164148106,3759955,1313017,1313017,63694454,14600,5100,6600,4600,10800,10800,17000,6900,6900},
	[603] = {603,164360266,3764815,1314714,1314714,63776776,14600,5100,6600,4600,10800,10800,17000,6900,6900},
	[604] = {604,164572410,3769674,1316411,1316411,63859097,14600,5100,6600,4600,10800,10800,17000,6900,6900},
	[605] = {605,164784570,3774534,1318108,1318108,63941419,14600,5100,6600,4600,10800,10800,17000,6900,6900},
	[606] = {606,164996713,3779393,1319805,1319805,64023740,14600,5100,6600,4600,10800,10800,17000,6900,6900},
	[607] = {607,165208873,3784253,1321502,1321502,64106062,14600,5100,6600,4600,10800,10800,17000,6900,6900},
	[608] = {608,165421017,3789112,1323199,1323199,64188383,14600,5100,6600,4600,10800,10800,17000,6900,6900},
	[609] = {609,165633175,3793972,1324896,1324896,64270704,14600,5100,6600,4600,10800,10800,17000,6900,6900},
	[610] = {610,165845320,3798831,1326593,1326593,64353026,14600,5100,6600,4600,10800,10800,17000,6900,6900},
	[611] = {611,166057352,3803688,1328289,1328289,64435299,14600,5100,6600,4600,10800,10800,17000,6900,6900},
	[612] = {612,166269496,3808547,1329986,1329986,64517620,14600,5100,6600,4600,10800,10800,17000,6900,6900},
	[613] = {613,166481656,3813407,1331683,1331683,64599942,14600,5100,6600,4600,10800,10800,17000,6900,6900},
	[614] = {614,166693800,3818266,1333380,1333380,64682263,14600,5100,6600,4600,10800,10800,17000,6900,6900},
	[615] = {615,166905959,3823126,1335077,1335077,64764585,14600,5100,6600,4600,10800,10800,17000,6900,6900},
	[616] = {616,167118118,3827986,1336774,1336774,64846906,14600,5100,6600,4600,10800,10800,17000,6900,6900},
	[617] = {617,167330263,3832845,1338471,1338471,64929228,14600,5100,6600,4600,10800,10800,17000,6900,6900},
	[618] = {618,167542421,3837705,1340168,1340168,65011549,14600,5100,6600,4600,10800,10800,17000,6900,6900},
	[619] = {619,167754566,3842564,1341865,1341865,65093871,14600,5100,6600,4600,10800,10800,17000,6900,6900},
	[620] = {620,167966725,3847424,1343562,1343562,65176192,14600,5100,6600,4600,10800,10800,17000,6900,6900},
	[621] = {621,168203369,3852844,1345455,1345455,65268022,14600,5100,6600,4600,10800,10800,17000,6900,6900},
	[622] = {622,168440027,3858265,1347348,1347348,65359851,14600,5100,6600,4600,10800,10800,17000,6900,6900},
	[623] = {623,168676812,3863689,1349242,1349242,65451729,14600,5100,6600,4600,10800,10800,17000,6900,6900},
	[624] = {624,168913470,3869110,1351135,1351135,65543558,14600,5100,6600,4600,10800,10800,17000,6900,6900},
	[625] = {625,169150114,3874530,1353028,1353028,65635388,14600,5100,6600,4600,10800,10800,17000,6900,6900},
	[626] = {626,169386772,3879951,1354921,1354921,65727217,14600,5100,6600,4600,10800,10800,17000,6900,6900},
	[627] = {627,169623431,3885372,1356814,1356814,65819047,14600,5100,6600,4600,10800,10800,17000,6900,6900},
	[628] = {628,169860216,3890796,1358708,1358708,65910925,14600,5100,6600,4600,10800,10800,17000,6900,6900},
	[629] = {629,170096874,3896217,1360601,1360601,66002754,14600,5100,6600,4600,10800,10800,17000,6900,6900},
	[630] = {630,170333517,3901637,1362494,1362494,66094583,14600,5100,6600,4600,10800,10800,17000,6900,6900},
	[631] = {631,170570176,3907058,1364387,1364387,66186413,14600,5100,6600,4600,10800,10800,17000,6900,6900},
	[632] = {632,170806834,3912479,1366280,1366280,66278242,14600,5100,6600,4600,10800,10800,17000,6900,6900},
	[633] = {633,171043619,3917903,1368174,1368174,66370120,14600,5100,6600,4600,10800,10800,17000,6900,6900},
	[634] = {634,171786841,3923323,1370067,1370067,66461950,14600,5100,6600,4600,10800,10800,17000,7000,7000},
	[635] = {635,172024199,3928744,1371960,1371960,66553779,14600,5100,6600,4600,10800,10800,17000,7000,7000},
	[636] = {636,172261557,3934165,1373853,1373853,66645609,14600,5100,6600,4600,10800,10800,17000,7000,7000},
	[637] = {637,172498915,3939586,1375746,1375746,66737438,14600,5100,6600,4600,10800,10800,17000,7000,7000},
	[638] = {638,172736386,3945009,1377640,1377640,66829316,14600,5100,6600,4600,10800,10800,17000,7000,7000},
	[639] = {639,172973744,3950430,1379533,1379533,66921145,14600,5100,6600,4600,10800,10800,17000,7000,7000},
	[640] = {640,173211103,3955851,1381426,1381426,67012975,14600,5100,6600,4600,10800,10800,17000,7000,7000},
	[641] = {641,173503376,3962526,1383757,1383757,67126052,14600,5100,6600,4600,10800,10800,17000,7000,7000},
	[642] = {642,173795649,3969201,1386088,1386088,67239128,14600,5100,6600,4600,10800,10800,17000,7000,7000},
	[643] = {643,174087922,3975876,1388419,1388419,67352205,14600,5100,6600,4600,10800,10800,17000,7000,7000},
	[644] = {644,174380196,3982551,1390750,1390750,67465282,14600,5100,6600,4600,10800,10800,17000,7000,7000},
	[645] = {645,174672469,3989226,1393081,1393081,67578359,14600,5100,6600,4600,10800,10800,17000,7000,7000},
	[646] = {646,174964615,3995898,1395411,1395411,67691387,14600,5100,6600,4600,10800,10800,17000,7000,7000},
	[647] = {647,175256889,4002573,1397742,1397742,67804464,14600,5100,6600,4600,10800,10800,17000,7000,7000},
	[648] = {648,175549177,4009249,1400073,1400073,67917541,14600,5100,6600,4600,10800,10800,17000,7000,7000},
	[649] = {649,175841451,4015924,1402404,1402404,68030618,14600,5100,6600,4600,10800,10800,17000,7000,7000},
	[650] = {650,176133723,4022599,1404735,1404735,68143694,14600,5100,6600,4600,10800,10800,17000,7000,7000},
	[651] = {651,176425997,4029274,1407066,1407066,68256771,14600,5100,6600,4600,10800,10800,17000,7000,7000},
	[652] = {652,176718270,4035949,1409397,1409397,68369848,14600,5100,6600,4600,10800,10800,17000,7000,7000},
	[653] = {653,177010544,4042624,1411728,1411728,68482925,14600,5100,6600,4600,10800,10800,17000,7000,7000},
	[654] = {654,177302817,4049299,1414059,1414059,68596002,14600,5100,6600,4600,10800,10800,17000,7000,7000},
	[655] = {655,177595090,4055974,1416390,1416390,68709078,14600,5100,6600,4600,10800,10800,17000,7000,7000},
	[656] = {656,177887237,4062646,1418720,1418720,68822107,14600,5100,6600,4600,10800,10800,17000,7000,7000},
	[657] = {657,178179510,4069321,1421051,1421051,68935184,14600,5100,6600,4600,10800,10800,17000,7000,7000},
	[658] = {658,178471783,4075996,1423382,1423382,69048260,14600,5100,6600,4600,10800,10800,17000,7000,7000},
	[659] = {659,178764056,4082671,1425713,1425713,69161337,14600,5100,6600,4600,10800,10800,17000,7000,7000},
	[660] = {660,179056330,4089346,1428044,1428044,69274414,14600,5100,6600,4600,10800,10800,17000,7000,7000},
	[661] = {661,179287676,4094630,1429889,1429889,69363915,14600,5100,6600,4600,10800,10800,17000,7000,7000},
	[662] = {662,179519008,4099913,1431734,1431734,69453416,14600,5100,6600,4600,10800,10800,17000,7000,7000},
	[663] = {663,179750467,4105199,1433580,1433580,69542965,14600,5100,6600,4600,10800,10800,17000,7000,7000},
	[664] = {664,179981813,4110483,1435425,1435425,69632466,14600,5100,6600,4600,10800,10800,17000,7000,7000},
	[665] = {665,180213145,4115766,1437270,1437270,69721967,14600,5100,6600,4600,10800,10800,17000,7000,7000},
	[666] = {666,180444476,4121049,1439115,1439115,69811468,14600,5100,6600,4600,10800,10800,17000,7000,7000},
	[667] = {667,180675823,4126333,1440960,1440960,69900969,14600,5100,6600,4600,10800,10800,17000,7000,7000},
	[668] = {668,180907282,4131619,1442806,1442806,69990519,14600,5100,6600,4600,10800,10800,17000,7000,7000},
	[669] = {669,181138614,4136902,1444651,1444651,70080020,14600,5100,6600,4600,10800,10800,17000,7000,7000},
	[670] = {670,181369945,4142185,1446496,1446496,70169520,14600,5100,6600,4600,10800,10800,17000,7000,7000},
	[671] = {671,181601291,4147469,1448341,1448341,70259021,14600,5100,6600,4600,10800,10800,17000,7000,7000},
	[672] = {672,181832623,4152752,1450186,1450186,70348522,14600,5100,6600,4600,10800,10800,17000,7000,7000},
	[673] = {673,182064082,4158038,1452032,1452032,70438072,14600,5100,6600,4600,10800,10800,17000,7000,7000},
	[674] = {674,182295429,4163322,1453877,1453877,70527573,14600,5100,6600,4600,10800,10800,17000,7000,7000},
	[675] = {675,182526761,4168605,1455722,1455722,70617074,14600,5100,6600,4600,10800,10800,17000,7000,7000},
	[676] = {676,182758092,4173888,1457567,1457567,70706575,14600,5100,6600,4600,10800,10800,17000,7000,7000},
	[677] = {677,182989439,4179172,1459412,1459412,70796076,14600,5100,6600,4600,10800,10800,17000,7000,7000},
	[678] = {678,183220897,4184458,1461258,1461258,70885625,14600,5100,6600,4600,10800,10800,17000,7000,7000},
	[679] = {679,183452229,4189741,1463103,1463103,70975126,14600,5100,6600,4600,10800,10800,17000,7000,7000},
	[680] = {680,183683575,4195025,1464948,1464948,71064627,14600,5100,6600,4600,10800,10800,17000,7000,7000},
	[681] = {681,183980106,4201797,1467313,1467313,71179353,14600,5100,6600,4600,10800,10800,17000,7000,7000},
	[682] = {682,184276637,4208569,1469678,1469678,71294079,14600,5100,6600,4600,10800,10800,17000,7000,7000},
	[683] = {683,184573183,4215342,1472043,1472043,71408805,14600,5100,6600,4600,10800,10800,17000,7000,7000},
	[684] = {684,184869715,4222114,1474408,1474408,71523532,14600,5100,6600,4600,10800,10800,17000,7000,7000},
	[685] = {685,185166261,4228887,1476773,1476773,71638258,14600,5100,6600,4600,10800,10800,17000,7000,7000},
	[686] = {686,185462792,4235659,1479138,1479138,71752984,14600,5100,6600,4600,10800,10800,17000,7000,7000},
	[687] = {687,185759323,4242431,1481503,1481503,71867710,14600,5100,6600,4600,10800,10800,17000,7000,7000},
	[688] = {688,186055869,4249204,1483868,1483868,71982436,14600,5100,6600,4600,10800,10800,17000,7000,7000},
	[689] = {689,186352400,4255976,1486233,1486233,72097162,14600,5100,6600,4600,10800,10800,17000,7000,7000},
	[690] = {690,186648945,4262749,1488598,1488598,72211888,14600,5100,6600,4600,10800,10800,17000,7000,7000},
	[691] = {691,186945477,4269521,1490963,1490963,72326615,14600,5100,6600,4600,10800,10800,17000,7000,7000},
	[692] = {692,187242023,4276294,1493328,1493328,72441341,14600,5100,6600,4600,10800,10800,17000,7000,7000},
	[693] = {693,187538554,4283066,1495693,1495693,72556067,14600,5100,6600,4600,10800,10800,17000,7000,7000},
	[694] = {694,187835085,4289838,1498058,1498058,72670793,14600,5100,6600,4600,10800,10800,17000,7000,7000},
	[695] = {695,188131631,4296611,1500423,1500423,72785519,14600,5100,6600,4600,10800,10800,17000,7000,7000},
	[696] = {696,188428162,4303383,1502788,1502788,72900245,14600,5100,6600,4600,10800,10800,17000,7000,7000},
	[697] = {697,188999976,4328820,1505153,1505153,73014972,14600,5100,6600,4600,10800,10800,17000,7000,7000},
	[698] = {698,189639338,4358837,1507518,1507518,73129698,14600,5100,6600,4600,10800,10800,17000,7000,7000},
	[699] = {699,190275323,4388625,1509883,1509883,73244424,14600,5100,6600,4600,10800,10800,17000,7000,7000},
	[700] = {700,190916838,4418788,1512248,1512248,73359150,14600,5100,6600,4600,10800,10800,17000,7000,7000},
	[701] = {701,191264995,4431434,1514192,1514192,73453453,14600,5100,6600,4600,10800,10800,17000,7000,7000},
	[702] = {702,191613530,4444100,1516137,1516137,73547805,14600,5100,6600,4600,10800,10800,17000,7000,7000},
	[703] = {703,191966688,4457085,1518081,1518081,73642109,14600,5100,6600,4600,10800,10800,17000,7000,7000},
	[704] = {704,192315770,4469788,1520026,1520026,73736461,14600,5100,6600,4600,10800,10800,17000,7000,7000},
	[705] = {705,192664989,4482506,1521970,1521970,73830764,14600,5100,6600,4600,10800,10800,17000,7000,7000},
	[706] = {706,193014586,4495244,1523915,1523915,73925116,14600,5100,6600,4600,10800,10800,17000,7000,7000},
	[707] = {707,193368835,4508303,1525859,1525859,74019420,14600,5100,6600,4600,10800,10800,17000,7000,7000},
	[708] = {708,193718964,4521077,1527804,1527804,74113772,14600,5100,6600,4600,10800,10800,17000,7000,7000},
	[709] = {709,194069245,4533867,1529748,1529748,74208075,14600,5100,6600,4600,10800,10800,17000,7000,7000},
	[710] = {710,194419904,4546677,1531693,1531693,74302427,14600,5100,6600,4600,10800,10800,17000,7000,7000},
	[711] = {711,194770701,4559502,1533637,1533637,74396730,14600,5100,6600,4600,10800,10800,17000,7000,7000},
	[712] = {712,195121765,4572345,1535581,1535581,74491034,14600,5100,6600,4600,10800,10800,17000,7000,7000},
	[713] = {713,195477763,4585517,1537526,1537526,74585386,14600,5100,6600,4600,10800,10800,17000,7000,7000},
	[714] = {714,195829357,4598396,1539470,1539470,74679689,14600,5100,6600,4600,10800,10800,17000,7000,7000},
	[715] = {715,196176801,4610988,1541415,1541415,74774041,14600,5100,6600,4600,10800,10800,17000,7000,7000},
	[716] = {716,196533484,4624212,1543359,1543359,74868345,14600,5100,6600,4600,10800,10800,17000,7000,7000},
	[717] = {717,196886001,4637148,1545304,1545304,74962697,14600,5100,6600,4600,10800,10800,17000,7000,7000},
	[718] = {718,197234085,4649789,1547248,1547248,75057000,14600,5100,6600,4600,10800,10800,17000,7000,7000},
	[719] = {719,197591691,4663070,1549193,1549193,75151352,14600,5100,6600,4600,10800,10800,17000,7000,7000},
	[720] = {720,197940305,4675747,1551137,1551137,75245655,14600,5100,6600,4600,10800,10800,17000,7000,7000},
	[721] = {721,198322055,4689825,1553231,1553231,75347235,14600,5100,6600,4600,10800,10800,17000,7000,7000},
	[722] = {722,198699401,4703610,1555324,1555324,75448767,14600,5100,6600,4600,10800,10800,17000,7000,7000},
	[723] = {723,199077184,4717419,1557418,1557418,75550347,14600,5100,6600,4600,10800,10800,17000,7000,7000},
	[724] = {724,199459849,4731559,1559512,1559512,75651927,14600,5100,6600,4600,10800,10800,17000,7000,7000},
	[725] = {725,199833478,4745092,1561605,1561605,75753458,14600,5100,6600,4600,10800,10800,17000,7000,7000},
	[726] = {726,200216762,4759274,1563699,1563699,75855038,14600,5100,6600,4600,10800,10800,17000,7000,7000},
	[727] = {727,200676673,4773163,1565793,1565793,76031776,14600,5100,6600,4600,10800,10800,17000,7000,7000},
	[728] = {728,201182562,4787069,1567886,1567886,76250999,14600,5100,6600,4600,10800,10800,17000,7000,7000},
	[729] = {729,201684140,4800998,1569980,1569980,76465875,14600,5100,6600,4600,10800,10800,17000,7000,7000},
	[730] = {730,202191432,4814948,1572074,1572074,76685769,14600,5100,6600,4600,10800,10800,17000,7000,7000},
	[731] = {731,202699214,4828914,1574167,1574167,76905928,14600,5100,6600,4600,10800,10800,17000,7000,7000},
	[732] = {732,203202679,4842904,1576261,1576261,77121721,14600,5100,6600,4600,10800,10800,17000,7000,7000},
	[733] = {733,203711721,4856910,1578354,1578354,77342502,14600,5100,6600,4600,10800,10800,17000,7000,7000},
	[734] = {734,204216433,4870940,1580448,1580448,77558905,14600,5100,6600,4600,10800,10800,17000,7000,7000},
	[735] = {735,204726877,4884990,1582542,1582542,77780356,14600,5100,6600,4600,10800,10800,17000,7000,7000},
	[736] = {736,205232707,4899057,1584635,1584635,77997319,14600,5100,6600,4600,10800,10800,17000,7000,7000},
	[737] = {737,205734608,4912830,1586729,1586729,78214632,14600,5100,6600,4600,10800,10800,17000,7000,7000},
	[738] = {738,206251614,4927257,1588823,1588823,78437013,14600,5100,6600,4600,10800,10800,17000,7000,7000},
	[739] = {739,206754620,4941066,1590916,1590916,78654887,14600,5100,6600,4600,10800,10800,17000,7000,7000},
	[740] = {740,207268210,4955216,1593010,1593010,78877890,14600,5100,6600,4600,10800,10800,17000,7000,7000},
	[741] = {741,207797938,4969757,1595223,1595223,79107108,14600,5100,6600,4600,10800,10800,17000,7000,7000},
	[742] = {742,208342920,4984958,1597436,1597436,79341451,14600,5100,6600,4600,10800,10800,17000,7000,7000},
	[743] = {743,208874006,4999542,1599649,1599649,79571340,14600,5100,6600,4600,10800,10800,17000,7000,7000},
	[744] = {744,209415539,5014465,1601861,1601861,79806316,14600,5100,6600,4600,10800,10800,17000,7000,7000},
	[745] = {745,209947981,5029092,1604074,1604074,80036876,14600,5100,6600,4600,10800,10800,17000,7000,7000},
	[746] = {746,210490572,5044383,1606287,1606287,80267767,14600,5100,6600,4600,10800,10800,17000,7000,7000},
	[747] = {747,211024378,5059054,1608500,1608500,80498991,14600,5100,6600,4600,10800,10800,17000,7000,7000},
	[748] = {748,211568804,5074068,1610713,1610713,80735378,14600,5100,6600,4600,10800,10800,17000,7000,7000},
	[749] = {749,212103951,5088781,1612926,1612926,80967272,14600,5100,6600,4600,10800,10800,17000,7000,7000},
	[750] = {750,212644544,5103839,1615139,1615139,81199498,14600,5100,6600,4600,10800,10800,17000,7000,7000},
	[751] = {751,213185675,5118915,1617351,1617351,81432005,14600,5100,6600,4600,10800,10800,17000,7000,7000},
	[752] = {752,213722853,5133693,1619564,1619564,81664895,14600,5100,6600,4600,10800,10800,17000,7000,7000},
	[753] = {753,214265491,5148817,1621777,1621777,81898116,14600,5100,6600,4600,10800,10800,17000,7000,7000},
	[754] = {754,214804019,5163638,1623990,1623990,82131670,14600,5100,6600,4600,10800,10800,17000,7000,7000},
	[755] = {755,215348021,5178806,1626203,1626203,82365555,14600,5100,6600,4600,10800,10800,17000,7000,7000},
	[756] = {756,215883091,5193344,1628416,1628416,82599773,14600,5100,6600,4600,10800,10800,17000,7000,7000},
	[757] = {757,216428297,5208551,1630628,1630628,82834271,14600,5100,6600,4600,10800,10800,17000,7000,7000},
	[758] = {758,216969524,5223458,1632841,1632841,83069153,14600,5100,6600,4600,10800,10800,17000,7000,7000},
	[759] = {759,217516240,5238713,1635054,1635054,83304366,14600,5100,6600,4600,10800,10800,17000,7000,7000},
	[760] = {760,218063623,5253989,1637267,1637267,83539911,14600,5100,6600,4600,10800,10800,17000,7000,7000},
	[761] = {761,218553046,5267540,1639344,1639344,83749166,14600,5100,6600,4600,10800,10800,17000,7000,7000},
	[762] = {762,219053740,5281111,1641422,1641422,83968583,14600,5100,6600,4600,10800,10800,17000,7000,7000},
	[763] = {763,219554405,5295025,1643499,1643499,84183305,14600,5100,6600,4600,10800,10800,17000,7000,7000},
	[764] = {764,220045592,5308631,1645577,1645577,84393416,14600,5100,6600,4600,10800,10800,17000,7000,7000},
	[765] = {765,220552696,5322581,1647654,1647654,84613623,14600,5100,6600,4600,10800,10800,17000,7000,7000},
	[766] = {766,221049712,5336549,1649731,1649731,84824218,14600,5100,6600,4600,10800,10800,17000,7000,7000},
	[767] = {767,221548348,5349878,1651809,1651809,85045038,14600,5100,6600,4600,10800,10800,17000,7000,7000},
	[768] = {768,222046488,5363883,1653886,1653886,85256169,14600,5100,6600,4600,10800,10800,17000,7000,7000},
	[769] = {769,222540409,5377577,1655964,1655964,85467613,14600,5100,6600,4600,10800,10800,17000,7000,7000},
	[770] = {770,223055240,5391949,1658041,1658041,85689216,14600,5100,6600,4600,10800,10800,17000,7000,7000},
	[771] = {771,223545242,5405344,1660118,1660118,85901145,14600,5100,6600,4600,10800,10800,17000,7000,7000},
	[772] = {772,224051072,5419423,1662196,1662196,86118374,14600,5100,6600,4600,10800,10800,17000,7000,7000},
	[773] = {773,224552435,5433185,1664273,1664273,86335826,14600,5100,6600,4600,10800,10800,17000,7000,7000},
	[774] = {774,225049106,5446968,1666351,1666351,86548604,14600,5100,6600,4600,10800,10800,17000,7000,7000},
	[775] = {775,225561871,5461098,1668428,1668428,86771603,14600,5100,6600,4600,10800,10800,17000,7000,7000},
	[776] = {776,226059504,5474913,1670505,1670505,86984865,14600,5100,6600,4600,10800,10800,17000,7000,7000},
	[777] = {777,226568131,5489082,1672583,1672583,87203459,14600,5100,6600,4600,10800,10800,17000,7000,7000},
	[778] = {778,227066851,5502932,1674660,1674660,87417252,14600,5100,6600,4600,10800,10800,17000,7000,7000},
	[779] = {779,227571667,5516803,1676738,1676738,87636388,14600,5100,6600,4600,10800,10800,17000,7000,7000},
	[780] = {780,228076898,5530688,1678815,1678815,87855746,14600,5100,6600,4600,10800,10800,17000,7000,7000},
	[781] = {781,228643637,5546453,1681151,1681151,88099037,14600,5100,6600,4600,10800,10800,17000,7000,7000},
	[782] = {782,229221618,5562581,1683488,1683488,88347766,14600,5100,6600,4600,10800,10800,17000,7000,7000},
	[783] = {783,229790229,5578054,1685824,1685824,88596794,14600,5100,6600,4600,10800,10800,17000,7000,7000},
	[784] = {784,230369497,5594224,1688160,1688160,88846172,14600,5100,6600,4600,10800,10800,17000,7000,7000},
	[785] = {785,230939182,5610083,1690497,1690497,89090882,14600,5100,6600,4600,10800,10800,17000,7000,7000},
	[786] = {786,231514891,5625961,1692833,1692833,89340954,14600,5100,6600,4600,10800,10800,17000,7000,7000},
	[787] = {787,232085825,5641861,1695169,1695169,89586291,14600,5100,6600,4600,10800,10800,17000,7000,7000},
	[788] = {788,232663077,5657787,1697506,1697506,89837110,14600,5100,6600,4600,10800,10800,17000,7000,7000},
	[789] = {789,233235406,5673732,1699842,1699842,90083126,14600,5100,6600,4600,10800,10800,17000,7000,7000},
	[790] = {790,233814069,5689703,1702179,1702179,90334639,14600,5100,6600,4600,10800,10800,17000,7000,7000},
	[791] = {791,234387795,5705693,1704515,1704515,90581336,14600,5100,6600,4600,10800,10800,17000,7000,7000},
	[792] = {792,234962693,5721364,1706851,1706851,90833489,14600,5100,6600,4600,10800,10800,17000,7000,7000},
	[793] = {793,235537468,5737744,1709188,1709188,91075791,14600,5100,6600,4600,10800,10800,17000,7000,7000},
	[794] = {794,236113755,5753459,1711524,1711524,91328632,14600,5100,6600,4600,10800,10800,17000,7000,7000},
	[795] = {795,236690250,5769538,1713860,1713860,91576681,14600,5100,6600,4600,10800,10800,17000,7000,7000},
	[796] = {796,237273124,5785643,1716197,1716197,91830269,14600,5100,6600,4600,10800,10800,17000,7000,7000},
	[797] = {797,237851015,5801767,1718533,1718533,92078998,14600,5100,6600,4600,10800,10800,17000,7000,7000},
	[798] = {798,238424519,5817569,1720869,1720869,92328063,14600,5100,6600,4600,10800,10800,17000,7000,7000},
	[799] = {799,239003931,5833741,1723206,1723206,92577519,14600,5100,6600,4600,10800,10800,17000,7000,7000},
	[800] = {800,239589473,5849932,1725542,1725542,92832434,14600,5100,6600,4600,10800,10800,17000,7000,7000},
	[801] = {801,240127112,5864840,1727799,1727799,93062709,14600,5100,6600,4600,10800,10800,17000,7000,7000},
	[802] = {802,240686740,5880460,1730056,1730056,93303650,14600,5100,6600,4600,10800,10800,17000,7000,7000},
	[803] = {803,241231180,5895407,1732313,1732313,93539705,14600,5100,6600,4600,10800,10800,17000,7000,7000},
	[804] = {804,241781485,5910724,1734571,1734571,93776111,14600,5100,6600,4600,10800,10800,17000,7000,7000},
	[805] = {805,242332260,5926057,1736828,1736828,94012762,14600,5100,6600,4600,10800,10800,17000,7000,7000},
	[806] = {806,242884137,5941062,1739085,1739085,94254928,14600,5100,6600,4600,10800,10800,17000,7000,7000},
	[807] = {807,243430510,5956434,1741342,1741342,94486958,14600,5100,6600,4600,10800,10800,17000,7000,7000},
	[808] = {808,243983603,5971477,1743599,1743599,94729733,14600,5100,6600,4600,10800,10800,17000,7000,7000},
	[809] = {809,244531193,5986889,1745856,1745856,94962345,14600,5100,6600,4600,10800,10800,17000,7000,7000},
	[810] = {810,245080004,6001974,1748114,1748114,95200540,14600,5100,6600,4600,10800,10800,17000,7000,7000},
	[811] = {811,245639605,6017775,1750371,1750371,95438978,14600,5100,6600,4600,10800,10800,17000,7000,7000},
	[812] = {812,246189500,6032896,1752628,1752628,95677715,14600,5100,6600,4600,10800,10800,17000,7000,7000},
	[813] = {813,246745157,6048386,1754885,1754885,95916749,14600,5100,6600,4600,10800,10800,17000,7000,7000},
	[814] = {814,247296253,6063545,1757142,1757142,96156081,14600,5100,6600,4600,10800,10800,17000,7000,7000},
	[815] = {815,247853141,6079075,1759399,1759399,96395711,14600,5100,6600,4600,10800,10800,17000,7000,7000},
	[816] = {816,248405440,6094272,1761656,1761656,96635639,14600,5100,6600,4600,10800,10800,17000,7000,7000},
	[817] = {817,248963694,6109845,1763914,1763914,96875920,14600,5100,6600,4600,10800,10800,17000,7000,7000},
	[818] = {818,249511504,6125081,1766171,1766171,97111146,14600,5100,6600,4600,10800,10800,17000,7000,7000},
	[819] = {819,250076533,6140689,1768428,1768428,97357266,14600,5100,6600,4600,10800,10800,17000,7000,7000},
	[820] = {820,250625529,6155963,1770685,1770685,97593074,14600,5100,6600,4600,10800,10800,17000,7000,7000},
	[821] = {821,251203416,6171896,1773024,1773024,97844329,14600,5100,6600,4600,10800,10800,17000,7000,7000},
	[822] = {822,251770623,6187853,1775364,1775364,98085310,14600,5100,6600,4600,10800,10800,17000,7000,7000},
	[823] = {823,252349794,6203827,1777703,1777703,98337196,14600,5100,6600,4600,10800,10800,17000,7000,7000},
	[824] = {824,252918622,6219466,1780042,1780042,98584066,14600,5100,6600,4600,10800,10800,17000,7000,7000},
	[825] = {825,253487567,6235481,1782381,1782381,98825896,14600,5100,6600,4600,10800,10800,17000,7000,7000},
	[826] = {826,254063545,6251163,1784721,1784721,99078786,14600,5100,6600,4600,10800,10800,17000,7000,7000},
	[827] = {827,254644784,6267576,1787060,1787060,99326581,14600,5100,6600,4600,10800,10800,17000,7000,7000},
	[828] = {828,255216123,6283295,1789399,1789399,99574686,14600,5100,6600,4600,10800,10800,17000,7000,7000},
	[829] = {829,255793367,6299392,1791738,1791738,99823099,14600,5100,6600,4600,10800,10800,17000,7000,7000},
	[830] = {830,256366094,6315154,1794078,1794078,100071876,14600,5100,6600,4600,10800,10800,17000,7000,7000},
	[831] = {831,256944610,6331292,1796417,1796417,100320907,14600,5100,6600,4600,10800,10800,17000,7000,7000},
	[832] = {832,257529563,6347450,1798756,1798756,100575642,14600,5100,6600,4600,10800,10800,17000,7000,7000},
	[833] = {833,258098212,6363268,1801095,1801095,100819894,14600,5100,6600,4600,10800,10800,17000,7000,7000},
	[834] = {834,258678759,6379470,1803435,1803435,101069907,14600,5100,6600,4600,10800,10800,17000,7000,7000},
	[835] = {835,259259814,6395690,1805774,1805774,101320173,14600,5100,6600,4600,10800,10800,17000,7000,7000},
	[836] = {836,259836157,6411568,1808113,1808113,101570747,14600,5100,6600,4600,10800,10800,17000,7000,7000},
	[837] = {837,260418466,6427828,1810452,1810452,101821630,14600,5100,6600,4600,10800,10800,17000,7000,7000},
	[838] = {838,260996215,6443750,1812792,1812792,102072879,14600,5100,6600,4600,10800,10800,17000,7000,7000},
	[839] = {839,261579794,6460051,1815131,1815131,102324379,14600,5100,6600,4600,10800,10800,17000,7000,7000},
	[840] = {840,262152774,6476009,1817470,1817470,102570736,14600,5100,6600,4600,10800,10800,17000,7000,7000},
	[841] = {841,262787971,6493767,1820002,1820002,102844673,14600,5100,6600,4600,10800,10800,17000,7000,7000},
	[842] = {842,263413012,6510816,1822533,1822533,103118917,14600,5100,6600,4600,10800,10800,17000,7000,7000},
	[843] = {843,264043804,6528622,1825065,1825065,103388107,14600,5100,6600,4600,10800,10800,17000,7000,7000},
	[844] = {844,264675834,6546086,1827597,1827597,103663129,14600,5100,6600,4600,10800,10800,17000,7000,7000},
	[845] = {845,265297163,6563205,1830128,1830128,103932969,14600,5100,6600,4600,10800,10800,17000,7000,7000},
	[846] = {846,265930139,6581082,1832660,1832660,104203214,14600,5100,6600,4600,10800,10800,17000,7000,7000},
	[847] = {847,266558951,6598249,1835192,1835192,104479315,14600,5100,6600,4600,10800,10800,17000,7000,7000},
	[848] = {848,267187818,6615802,1837723,1837723,104750211,14600,5100,6600,4600,10800,10800,17000,7000,7000},
	[849] = {849,267817566,6633383,1840255,1840255,105021512,14600,5100,6600,4600,10800,10800,17000,7000,7000},
	[850] = {850,268453969,6650986,1842787,1842787,105298691,14600,5100,6600,4600,10800,10800,17000,7000,7000},
	[851] = {851,269079058,6668610,1845318,1845318,105565106,14600,5100,6600,4600,10800,10800,17000,7000,7000},
	[852] = {852,269716924,6686260,1847850,1847850,105843000,14600,5100,6600,4600,10800,10800,17000,7000,7000},
	[853] = {853,270349927,6703560,1850381,1850381,106121200,14600,5100,6600,4600,10800,10800,17000,7000,7000},
	[854] = {854,270977282,6721256,1852913,1852913,106388705,14600,5100,6600,4600,10800,10800,17000,7000,7000},
	[855] = {855,271622814,6739347,1855445,1855445,106667677,14600,5100,6600,4600,10800,10800,17000,7000,7000},
	[856] = {856,272251978,6756715,1857976,1857976,106941382,14600,5100,6600,4600,10800,10800,17000,7000,7000},
	[857] = {857,272887482,6774481,1860508,1860508,107215494,14600,5100,6600,4600,10800,10800,17000,7000,7000},
	[858] = {858,273523716,6792271,1863040,1863040,107489955,14600,5100,6600,4600,10800,10800,17000,7000,7000},
	[859] = {859,274161040,6809707,1865571,1865571,107770305,14600,5100,6600,4600,10800,10800,17000,7000,7000},
	[860] = {860,274792662,6827542,1868103,1868103,108039868,14600,5100,6600,4600,10800,10800,17000,7000,7000},
	[861] = {861,275419201,6844870,1870592,1870592,108312888,14600,5100,6600,4600,10800,10800,17000,7000,7000},
	[862] = {862,276028784,6861844,1873081,1873081,108575013,14600,5100,6600,4600,10800,10800,17000,7000,7000},
	[863] = {863,276650468,6879211,1875569,1875569,108843020,14600,5100,6600,4600,10800,10800,17000,7000,7000},
	[864] = {864,277261369,6896228,1878058,1878058,109105779,14600,5100,6600,4600,10800,10800,17000,7000,7000},
	[865] = {865,277884539,6913642,1880547,1880547,109374494,14600,5100,6600,4600,10800,10800,17000,7000,7000},
	[866] = {866,278497282,6930325,1883036,1883036,109643537,14600,5100,6600,4600,10800,10800,17000,7000,7000},
	[867] = {867,279121641,6947778,1885524,1885524,109912850,14600,5100,6600,4600,10800,10800,17000,7000,7000},
	[868] = {868,279735156,6964879,1888013,1888013,110176886,14600,5100,6600,4600,10800,10800,17000,7000,7000},
	[869] = {869,280361016,6982380,1890502,1890502,110446907,14600,5100,6600,4600,10800,10800,17000,7000,7000},
	[870] = {870,280981951,6999523,1892991,1892991,110717257,14600,5100,6600,4600,10800,10800,17000,7000,7000},
	[871] = {871,281609001,7017063,1895479,1895479,110987877,14600,5100,6600,4600,10800,10800,17000,7000,7000},
	[872] = {872,282225144,7034249,1897968,1897968,111253190,14600,5100,6600,4600,10800,10800,17000,7000,7000},
	[873] = {873,282848062,7051455,1900457,1900457,111524518,14600,5100,6600,4600,10800,10800,17000,7000,7000},
	[874] = {874,283477261,7069063,1902946,1902946,111796174,14600,5100,6600,4600,10800,10800,17000,7000,7000},
	[875] = {875,284095225,7086309,1905434,1905434,112062384,14600,5100,6600,4600,10800,10800,17000,7000,7000},
	[876] = {876,284720124,7103578,1907923,1907923,112334690,14600,5100,6600,4600,10800,10800,17000,7000,7000},
	[877] = {877,285339529,7120869,1910412,1910412,112601593,14600,5100,6600,4600,10800,10800,17000,7000,7000},
	[878] = {878,285971397,7138563,1912901,1912901,112874549,14600,5100,6600,4600,10800,10800,17000,7000,7000},
	[879] = {879,286591967,7155893,1915389,1915389,113142028,14600,5100,6600,4600,10800,10800,17000,7000,7000},
	[880] = {880,287219519,7173247,1917878,1917878,113415633,14600,5100,6600,4600,10800,10800,17000,7000,7000},
	[881] = {881,287904511,7192613,1920591,1920591,113708590,14600,5100,6600,4600,10800,10800,17000,7000,7000},
	[882] = {882,288585301,7211239,1923305,1923305,114007750,14600,5100,6600,4600,10800,10800,17000,7000,7000},
	[883] = {883,289272406,7230271,1926018,1926018,114307242,14600,5100,6600,4600,10800,10800,17000,7000,7000},
	[884] = {884,289959899,7249717,1928732,1928732,114601397,14600,5100,6600,4600,10800,10800,17000,7000,7000},
	[885] = {885,290636640,7268413,1931445,1931445,114895868,14600,5100,6600,4600,10800,10800,17000,7000,7000},
	[886] = {886,291331957,7287911,1934159,1934159,115196575,14600,5100,6600,4600,10800,10800,17000,7000,7000},
	[887] = {887,292022203,7307043,1936872,1936872,115497614,14600,5100,6600,4600,10800,10800,17000,7000,7000},
	[888] = {888,292700857,7326204,1939586,1939586,115787465,14600,5100,6600,4600,10800,10800,17000,7000,7000},
	[889] = {889,293392663,7345386,1942299,1942299,116089268,14600,5100,6600,4600,10800,10800,17000,7000,7000},
	[890] = {890,294085413,7364597,1945013,1945013,116391522,14600,5100,6600,4600,10800,10800,17000,7000,7000},
	[891] = {891,294766212,7383829,1947726,1947726,116682421,14600,5100,6600,4600,10800,10800,17000,7000,7000},
	[892] = {892,295454617,7402696,1950439,1950439,116985380,14600,5100,6600,4600,10800,10800,17000,7000,7000},
	[893] = {893,296149704,7421981,1953153,1953153,117288790,14600,5100,6600,4600,10800,10800,17000,7000,7000},
	[894] = {894,296832787,7441287,1955866,1955866,117580796,14600,5100,6600,4600,10800,10800,17000,7000,7000},
	[895] = {895,297529435,7460622,1958580,1958580,117884971,14600,5100,6600,4600,10800,10800,17000,7000,7000},
	[896] = {896,298220396,7479979,1961293,1961293,118183593,14600,5100,6600,4600,10800,10800,17000,7000,7000},
	[897] = {897,298912269,7499364,1964007,1964007,118482650,14600,5100,6600,4600,10800,10800,17000,7000,7000},
	[898] = {898,299598963,7518377,1966720,1966720,118782021,14600,5100,6600,4600,10800,10800,17000,7000,7000},
	[899] = {899,300298729,7537811,1969434,1969434,119087735,14600,5100,6600,4600,10800,10800,17000,7000,7000},
	[900] = {900,300992770,7557267,1972147,1972147,119387862,14600,5100,6600,4600,10800,10800,17000,7000,7000},
	[901] = {901,301654616,7575743,1974804,1974804,119673122,14600,5100,6600,4600,10800,10800,17000,7000,7000},
	[902] = {902,302335750,7594636,1977461,1977461,119970581,14600,5100,6600,4600,10800,10800,17000,7000,7000},
	[903] = {903,303004837,7613553,1980118,1980118,120256526,14600,5100,6600,4600,10800,10800,17000,7000,7000},
	[904] = {904,303675345,7632101,1982776,1982776,120548815,14600,5100,6600,4600,10800,10800,17000,7000,7000},
	[905] = {905,304339985,7650667,1985433,1985433,120835437,14600,5100,6600,4600,10800,10800,17000,7000,7000},
	[906] = {906,305011734,7669255,1988090,1988090,121128359,14600,5100,6600,4600,10800,10800,17000,7000,7000},
	[907] = {907,305683638,7688264,1990747,1990747,121415659,14600,5100,6600,4600,10800,10800,17000,7000,7000},
	[908] = {908,306363253,7706898,1993404,1993404,121715254,14600,5100,6600,4600,10800,10800,17000,7000,7000},
	[909] = {909,307030689,7725554,1996061,1996061,122003240,14600,5100,6600,4600,10800,10800,17000,7000,7000},
	[910] = {910,307711323,7744636,1998719,1998719,122297618,14600,5100,6600,4600,10800,10800,17000,7000,7000},
	[911] = {911,308386618,7763337,2001376,2001376,122592285,14600,5100,6600,4600,10800,10800,17000,7000,7000},
	[912] = {912,309062055,7782461,2004033,2004033,122881291,14600,5100,6600,4600,10800,10800,17000,7000,7000},
	[913] = {913,309732847,7800806,2006690,2006690,123176652,14600,5100,6600,4600,10800,10800,17000,7000,7000},
	[914] = {914,310409692,7819976,2009347,2009347,123466335,14600,5100,6600,4600,10800,10800,17000,7000,7000},
	[915] = {915,311087809,7838767,2012004,2012004,123762390,14600,5100,6600,4600,10800,10800,17000,7000,7000},
	[916] = {916,311766063,7857983,2014661,2014661,124052751,14600,5100,6600,4600,10800,10800,17000,7000,7000},
	[917] = {917,312451704,7877227,2017319,2017319,124349560,14600,5100,6600,4600,10800,10800,17000,7000,7000},
	[918] = {918,313119464,7895682,2019976,2019976,124640599,14600,5100,6600,4600,10800,10800,17000,7000,7000},
	[919] = {919,313806360,7914967,2022633,2022633,124938040,14600,5100,6600,4600,10800,10800,17000,7000,7000},
	[920] = {920,314482028,7933465,2025290,2025290,125235832,14600,5100,6600,4600,10800,10800,17000,7000,7000},
	[921] = {921,315174692,7953071,2028017,2028017,125532224,14600,5100,6600,4600,10800,10800,17000,7000,7000},
	[922] = {922,315862076,7972294,2030744,2030744,125828959,14600,5100,6600,4600,10800,10800,17000,7000,7000},
	[923] = {923,316550186,7991541,2033471,2033471,126126038,14600,5100,6600,4600,10800,10800,17000,7000,7000},
	[924] = {924,317251572,8011217,2036198,2036198,126429570,14600,5100,6600,4600,10800,10800,17000,7000,7000},
	[925] = {925,317947697,8030510,2038925,2038925,126733461,14600,5100,6600,4600,10800,10800,17000,7000,7000},
	[926] = {926,318637936,8049825,2041652,2041652,127031587,14600,5100,6600,4600,10800,10800,17000,7000,7000},
	[927] = {927,319335491,8069163,2044379,2044379,127336190,14600,5100,6600,4600,10800,10800,17000,7000,7000},
	[928] = {928,320027173,8088525,2047106,2047106,127635011,14600,5100,6600,4600,10800,10800,17000,7000,7000},
	[929] = {929,320732220,8108319,2049833,2049833,127940326,14600,5100,6600,4600,10800,10800,17000,7000,7000},
	[930] = {930,321412637,8127316,2052560,2052560,128233686,14600,5100,6600,4600,10800,10800,17000,7000,7000},
	[931] = {931,322118977,8147153,2055286,2055286,128539641,14600,5100,6600,4600,10800,10800,17000,7000,7000},
	[932] = {932,322814078,8166195,2058013,2058013,128846019,14600,5100,6600,4600,10800,10800,17000,7000,7000},
	[933] = {933,323515386,8186083,2060740,2060740,129146575,14600,5100,6600,4600,10800,10800,17000,7000,7000},
	[934] = {934,324217994,8205582,2063467,2063467,129453665,14600,5100,6600,4600,10800,10800,17000,7000,7000},
	[935] = {935,324901886,8224691,2066194,2066194,129748718,14600,5100,6600,4600,10800,10800,17000,7000,7000},
	[936] = {936,325612035,8244650,2068921,2068921,130056511,14600,5100,6600,4600,10800,10800,17000,7000,7000},
	[937] = {937,326310113,8264218,2071648,2071648,130358450,14600,5100,6600,4600,10800,10800,17000,7000,7000},
	[938] = {938,327008900,8283809,2074375,2074375,130660732,14600,5100,6600,4600,10800,10800,17000,7000,7000},
	[939] = {939,327715093,8303422,2077102,2077102,130969589,14600,5100,6600,4600,10800,10800,17000,7000,7000},
	[940] = {940,328415306,8323059,2079829,2079829,131272566,14600,5100,6600,4600,10800,10800,17000,7000,7000},
	[941] = {941,329181951,8344565,2082809,2082809,131604369,14600,5100,6600,4600,10800,10800,17000,7000,7000},
	[942] = {942,329956190,8366099,2085789,2085789,131942840,14600,5100,6600,4600,10800,10800,17000,7000,7000},
	[943] = {943,330724540,8387660,2088769,2088769,132275474,14600,5100,6600,4600,10800,10800,17000,7000,7000},
	[944] = {944,331487567,8408830,2091749,2091749,132608519,14600,5100,6600,4600,10800,10800,17000,7000,7000},
	[945] = {945,332270563,8430865,2094729,2094729,132948260,14600,5100,6600,4600,10800,10800,17000,7000,7000},
	[946] = {946,333041460,8452508,2097709,2097709,133282136,14600,5100,6600,4600,10800,10800,17000,7000,7000},
	[947] = {947,333813215,8474179,2100689,2100689,133616424,14600,5100,6600,4600,10800,10800,17000,7000,7000},
	[948] = {948,334579601,8495456,2103669,2103669,133951123,14600,5100,6600,4600,10800,10800,17000,7000,7000},
	[949] = {949,335353037,8517181,2106649,2106649,134286233,14600,5100,6600,4600,10800,10800,17000,7000,7000},
	[950] = {950,336140370,8539356,2109629,2109629,134628084,14600,5100,6600,4600,10800,10800,17000,7000,7000},
	[951] = {951,336909288,8560714,2112609,2112609,134964025,14600,5100,6600,4600,10800,10800,17000,7000,7000},
	[952] = {952,337679034,8582098,2115589,2115589,135300378,14600,5100,6600,4600,10800,10800,17000,7000,7000},
	[953] = {953,338455860,8603932,2118569,2118569,135637143,14600,5100,6600,4600,10800,10800,17000,7000,7000},
	[954] = {954,339246650,8626218,2121549,2121549,135980683,14600,5100,6600,4600,10800,10800,17000,7000,7000},
	[955] = {955,340018913,8647682,2124529,2124529,136318278,14600,5100,6600,4600,10800,10800,17000,7000,7000},
	[956] = {956,340791427,8669599,2127509,2127509,136649903,14600,5100,6600,4600,10800,10800,17000,7000,7000},
	[957] = {957,341565349,8691116,2130489,2130489,136988312,14600,5100,6600,4600,10800,10800,17000,7000,7000},
	[958] = {958,342353302,8713087,2133469,2133469,137333532,14600,5100,6600,4600,10800,10800,17000,7000,7000},
	[959] = {959,343135214,8735085,2136449,2136449,137672773,14600,5100,6600,4600,10800,10800,17000,7000,7000},
	[960] = {960,343917966,8757110,2139429,2139429,138012425,14600,5100,6600,4600,10800,10800,17000,7000,7000},
	[961] = {961,344654932,8777525,2142323,2142323,138334080,14600,5100,6600,4600,10800,10800,17000,7000,7000},
	[962] = {962,345412232,8798822,2145217,2145217,138662536,14600,5100,6600,4600,10800,10800,17000,7000,7000},
	[963] = {963,346150087,8819714,2148111,2148111,138978485,14600,5100,6600,4600,10800,10800,17000,7000,7000},
	[964] = {964,346902571,8840630,2151005,2151005,139307687,14600,5100,6600,4600,10800,10800,17000,7000,7000},
	[965] = {965,347662192,8862002,2153899,2153899,139637272,14600,5100,6600,4600,10800,10800,17000,7000,7000},
	[966] = {966,348402736,8882532,2156792,2156792,139960703,14600,5100,6600,4600,10800,10800,17000,7000,7000},
	[967] = {967,349150543,8903521,2159686,2159686,140284563,14600,5100,6600,4600,10800,10800,17000,7000,7000},
	[968] = {968,349905484,8924967,2162580,2162580,140608789,14600,5100,6600,4600,10800,10800,17000,7000,7000},
	[969] = {969,350648427,8945573,2165474,2165474,140933378,14600,5100,6600,4600,10800,10800,17000,7000,7000},
	[970] = {970,351411896,8967069,2168368,2168368,141264838,14600,5100,6600,4600,10800,10800,17000,7000,7000},
	[971] = {971,352156314,8987721,2171262,2171262,141590166,14600,5100,6600,4600,10800,10800,17000,7000,7000},
	[972] = {972,352907893,9008832,2174156,2174156,141915858,14600,5100,6600,4600,10800,10800,17000,7000,7000},
	[973] = {973,353667254,9029967,2177050,2177050,142248447,14600,5100,6600,4600,10800,10800,17000,7000,7000},
	[974] = {974,354413307,9051127,2179944,2179944,142568337,14600,5100,6600,4600,10800,10800,17000,7000,7000},
	[975] = {975,355174194,9072311,2182838,2182838,142901672,14600,5100,6600,4600,10800,10800,17000,7000,7000},
	[976] = {976,355928624,9093515,2185731,2185731,143228766,14600,5100,6600,4600,10800,10800,17000,7000,7000},
	[977] = {977,356677502,9114309,2188625,2188625,143556291,14600,5100,6600,4600,10800,10800,17000,7000,7000},
	[978] = {978,357440060,9136004,2191519,2191519,143884179,14600,5100,6600,4600,10800,10800,17000,7000,7000},
	[979] = {979,358196905,9157285,2194413,2194413,144212433,14600,5100,6600,4600,10800,10800,17000,7000,7000},
	[980] = {980,358955122,9178151,2197307,2197307,144547643,14600,5100,6600,4600,10800,10800,17000,7000,7000},
	[981] = {981,359988564,9207620,2201095,2201095,144994932,14600,5100,6600,4600,10800,10800,17000,7000,7000},
	[982] = {982,361031176,9236695,2204883,2204883,145456131,14600,5100,6600,4600,10800,10800,17000,7000,7000},
	[983] = {983,362060978,9265816,2208671,2208671,145904806,14600,5100,6600,4600,10800,10800,17000,7000,7000},
	[984] = {984,363099326,9294982,2212459,2212459,146360800,14600,5100,6600,4600,10800,10800,17000,7000,7000},
	[985] = {985,364131951,9324194,2216247,2216247,146810850,14600,5100,6600,4600,10800,10800,17000,7000,7000},
	[986] = {986,365173147,9353451,2220035,2220035,147268241,14600,5100,6600,4600,10800,10800,17000,7000,7000},
	[987] = {987,366209217,9382309,2223823,2223823,147726338,14600,5100,6600,4600,10800,10800,17000,7000,7000},
	[988] = {988,367246061,9411656,2227611,2227611,148178456,14600,5100,6600,4600,10800,10800,17000,7000,7000},
	[989] = {989,368291527,9441049,2231399,2231399,148637950,14600,5100,6600,4600,10800,10800,17000,7000,7000},
	[990] = {990,369331193,9470487,2235187,2235187,149091443,14600,5100,6600,4600,10800,10800,17000,7000,7000},
	[991] = {991,370365665,9499523,2238975,2238975,149545618,14600,5100,6600,4600,10800,10800,17000,7000,7000},
	[992] = {992,371408127,9529051,2242763,2242763,150000474,14600,5100,6600,4600,10800,10800,17000,7000,7000},
	[993] = {993,372452002,9558625,2246551,2246551,150456013,14600,5100,6600,4600,10800,10800,17000,7000,7000},
	[994] = {994,373490639,9587794,2250339,2250339,150912234,14600,5100,6600,4600,10800,10800,17000,7000,7000},
	[995] = {995,374537311,9617458,2254127,2254127,151369136,14600,5100,6600,4600,10800,10800,17000,7000,7000},
	[996] = {996,375586024,9646716,2257915,2257915,151833494,14600,5100,6600,4600,10800,10800,17000,7000,7000},
	[997] = {997,376635504,9676470,2261703,2261703,152291771,14600,5100,6600,4600,10800,10800,17000,7000,7000},
	[998] = {998,377679700,9705816,2265491,2265491,152750730,14600,5100,6600,4600,10800,10800,17000,7000,7000},
	[999] = {999,378725280,9735206,2269279,2269279,153210371,14600,5100,6600,4600,10800,10800,17000,7000,7000},
	[1000] = {1000,379771610,9765095,2273067,2273067,153663875,14600,5100,6600,4600,10800,10800,17000,7000,7000},
	[1001] = {1001,380696378,9791678,2276076,2276076,154072136,14600,5100,6600,4600,10800,10800,17000,7000,7000},
	[1002] = {1002,381622275,9818298,2279085,2279085,154480939,14600,5100,6600,4600,10800,10800,17000,7000,7000},
	[1003] = {1003,382549271,9844953,2282094,2282094,154890283,14600,5100,6600,4600,10800,10800,17000,7000,7000},
	[1004] = {1004,383477220,9871640,2285102,2285102,155300102,14600,5100,6600,4600,10800,10800,17000,7000,7000},
	[1005] = {1005,384406459,9898368,2288111,2288111,155710529,14600,5100,6600,4600,10800,10800,17000,7000,7000},
	[1006] = {1006,385336800,9925131,2291120,2291120,156121499,14600,5100,6600,4600,10800,10800,17000,7000,7000},
	[1007] = {1007,386268267,9951931,2294129,2294129,156533009,14600,5100,6600,4600,10800,10800,17000,7000,7000},
	[1008] = {1008,387200851,9978767,2297138,2297138,156945062,14600,5100,6600,4600,10800,10800,17000,7000,7000},
	[1009] = {1009,388134548,10005639,2300147,2300147,157357656,14600,5100,6600,4600,10800,10800,17000,7000,7000},
	[1010] = {1010,389069359,10032547,2303156,2303156,157770792,14600,5100,6600,4600,10800,10800,17000,7000,7000},
	[1011] = {1011,390005121,10059487,2306164,2306164,158184401,14600,5100,6600,4600,10800,10800,17000,7000,7000},
	[1012] = {1012,390942160,10086467,2309173,2309173,158598619,14600,5100,6600,4600,10800,10800,17000,7000,7000},
	[1013] = {1013,391880330,10113484,2312182,2312182,159013380,14600,5100,6600,4600,10800,10800,17000,7000,7000},
	[1014] = {1014,392819598,10140536,2315191,2315191,159428682,14600,5100,6600,4600,10800,10800,17000,7000,7000},
	[1015] = {1015,393759996,10167625,2318200,2318200,159844526,14600,5100,6600,4600,10800,10800,17000,7000,7000},
	[1016] = {1016,394701493,10194749,2321209,2321209,160260911,14600,5100,6600,4600,10800,10800,17000,7000,7000},
	[1017] = {1017,395643955,10221906,2324217,2324217,160677769,14600,5100,6600,4600,10800,10800,17000,7000,7000},
	[1018] = {1018,396587696,10249103,2327226,2327226,161095238,14600,5100,6600,4600,10800,10800,17000,7000,7000},
	[1019] = {1019,397532550,10276336,2330235,2330235,161513248,14600,5100,6600,4600,10800,10800,17000,7000,7000},
	[1020] = {1020,398478519,10303605,2333244,2333244,161931800,14600,5100,6600,4600,10800,10800,17000,7000,7000},
	[1021] = {1021,399438774,10331251,2336330,2336330,162356244,14600,5100,6600,4600,10800,10800,17000,7000,7000},
	[1022] = {1022,400400174,10358934,2339416,2339416,162781244,14600,5100,6600,4600,10800,10800,17000,7000,7000},
	[1023] = {1023,401362882,10386658,2342503,2342503,163206869,14600,5100,6600,4600,10800,10800,17000,7000,7000},
	[1024] = {1024,402326569,10414415,2345589,2345589,163632979,14600,5100,6600,4600,10800,10800,17000,7000,7000},
	[1025] = {1025,403291401,10442209,2348675,2348675,164059646,14600,5100,6600,4600,10800,10800,17000,7000,7000},
	[1026] = {1026,404257360,10470039,2351761,2351761,164486867,14600,5100,6600,4600,10800,10800,17000,7000,7000},
	[1027] = {1027,405224480,10497907,2354847,2354847,164914645,14600,5100,6600,4600,10800,10800,17000,7000,7000},
	[1028] = {1028,406192923,10525817,2357934,2357934,165343047,14600,5100,6600,4600,10800,10800,17000,7000,7000},
	[1029] = {1029,407162331,10553759,2361020,2361020,165771936,14600,5100,6600,4600,10800,10800,17000,7000,7000},
	[1030] = {1030,408132883,10581738,2364106,2364106,166201380,14600,5100,6600,4600,10800,10800,17000,7000,7000},
	[1031] = {1031,409104577,10609754,2367192,2367192,166631379,14600,5100,6600,4600,10800,10800,17000,7000,7000},
	[1032] = {1032,410077416,10637807,2370278,2370278,167061933,14600,5100,6600,4600,10800,10800,17000,7000,7000},
	[1033] = {1033,411051580,10665902,2373365,2373365,167493114,14600,5100,6600,4600,10800,10800,17000,7000,7000},
	[1034] = {1034,412026707,10694029,2376451,2376451,167924780,14600,5100,6600,4600,10800,10800,17000,7000,7000},
	[1035] = {1035,413002978,10722193,2379537,2379537,168357001,14600,5100,6600,4600,10800,10800,17000,7000,7000},
	[1036] = {1036,413980394,10750394,2382623,2382623,168789778,14600,5100,6600,4600,10800,10800,17000,7000,7000},
	[1037] = {1037,414958968,10778633,2385709,2385709,169223110,14600,5100,6600,4600,10800,10800,17000,7000,7000},
	[1038] = {1038,415938852,10806913,2388796,2388796,169657069,14600,5100,6600,4600,10800,10800,17000,7000,7000},
	[1039] = {1039,416919699,10835225,2391882,2391882,170091512,14600,5100,6600,4600,10800,10800,17000,7000,7000},
	[1040] = {1040,417901691,10863574,2394968,2394968,170526511,14600,5100,6600,4600,10800,10800,17000,7000,7000},
	[1041] = {1041,418896373,10892261,2398120,2398120,170966771,14600,5100,6600,4600,10800,10800,17000,7000,7000},
	[1042] = {1042,419892211,10920985,2401272,2401272,171407597,14600,5100,6600,4600,10800,10800,17000,7000,7000},
	[1043] = {1043,420889207,10949746,2404424,2404424,171848992,14600,5100,6600,4600,10800,10800,17000,7000,7000},
	[1044] = {1044,421887388,10978546,2407576,2407576,172290953,14600,5100,6600,4600,10800,10800,17000,7000,7000},
	[1045] = {1045,422886742,11007384,2410728,2410728,172733482,14600,5100,6600,4600,10800,10800,17000,7000,7000},
	[1046] = {1046,423887251,11036259,2413880,2413880,173176578,14600,5100,6600,4600,10800,10800,17000,7000,7000},
	[1047] = {1047,424888933,11065172,2417032,2417032,173620242,14600,5100,6600,4600,10800,10800,17000,7000,7000},
	[1048] = {1048,425891786,11094123,2420184,2420184,174064473,14600,5100,6600,4600,10800,10800,17000,7000,7000},
	[1049] = {1049,426895812,11123112,2423336,2423336,174509272,14600,5100,6600,4600,10800,10800,17000,7000,7000},
	[1050] = {1050,427900992,11152138,2426488,2426488,174954637,14600,5100,6600,4600,10800,10800,17000,7000,7000},
	[1051] = {1051,428907360,11181203,2429640,2429640,175400570,14600,5100,6600,4600,10800,10800,17000,7000,7000},
	[1052] = {1052,429914885,11210305,2432792,2432792,175847071,14600,5100,6600,4600,10800,10800,17000,7000,7000},
	[1053] = {1053,430923581,11239445,2435944,2435944,176294139,14600,5100,6600,4600,10800,10800,17000,7000,7000},
	[1054] = {1054,431933448,11268623,2439096,2439096,176741774,14600,5100,6600,4600,10800,10800,17000,7000,7000},
	[1055] = {1055,432944487,11297839,2442248,2442248,177189976,14600,5100,6600,4600,10800,10800,17000,7000,7000},
	[1056] = {1056,433956682,11327092,2445400,2445400,177638746,14600,5100,6600,4600,10800,10800,17000,7000,7000},
	[1057] = {1057,434970065,11356384,2448552,2448552,178088084,14600,5100,6600,4600,10800,10800,17000,7000,7000},
	[1058] = {1058,435984603,11385713,2451704,2451704,178537988,14600,5100,6600,4600,10800,10800,17000,7000,7000},
	[1059] = {1059,437000314,11415080,2454856,2454856,178988460,14600,5100,6600,4600,10800,10800,17000,7000,7000},
	[1060] = {1060,438017196,11444485,2458008,2458008,179439500,14600,5100,6600,4600,10800,10800,17000,7000,7000},
	[1061] = {1061,439051296,11474347,2461250,2461250,179897685,14600,5100,6600,4600,10800,10800,17000,7000,7000},
	[1062] = {1062,440086598,11504248,2464492,2464492,180356453,14600,5100,6600,4600,10800,10800,17000,7000,7000},
	[1063] = {1063,441123105,11534188,2467734,2467734,180815805,14600,5100,6600,4600,10800,10800,17000,7000,7000},
	[1064] = {1064,442160816,11564167,2470976,2470976,181275741,14600,5100,6600,4600,10800,10800,17000,7000,7000},
	[1065] = {1065,443199730,11594185,2474218,2474218,181736260,14600,5100,6600,4600,10800,10800,17000,7000,7000},
	[1066] = {1066,444239664,11624237,2477459,2477459,182197289,14600,5100,6600,4600,10800,10800,17000,7000,7000},
	[1067] = {1067,445280986,11654333,2480701,2480701,182658976,14600,5100,6600,4600,10800,10800,17000,7000,7000},
	[1068] = {1068,446323496,11684467,2483943,2483943,183121245,14600,5100,6600,4600,10800,10800,17000,7000,7000},
	[1069] = {1069,447367226,11714641,2487185,2487185,183584099,14600,5100,6600,4600,10800,10800,17000,7000,7000},
	[1070] = {1070,448412144,11744853,2490427,2490427,184047536,14600,5100,6600,4600,10800,10800,17000,7000,7000},
	[1071] = {1071,449458280,11775105,2493669,2493669,184511556,14600,5100,6600,4600,10800,10800,17000,7000,7000},
	[1072] = {1072,450505606,11805395,2496911,2496911,184976160,14600,5100,6600,4600,10800,10800,17000,7000,7000},
	[1073] = {1073,451554135,11835724,2500153,2500153,185441348,14600,5100,6600,4600,10800,10800,17000,7000,7000},
	[1074] = {1074,452603868,11866092,2503395,2503395,185907119,14600,5100,6600,4600,10800,10800,17000,7000,7000},
	[1075] = {1075,453654805,11896499,2506637,2506637,186373474,14600,5100,6600,4600,10800,10800,17000,7000,7000},
	[1076] = {1076,454706760,11926940,2509878,2509878,186840338,14600,5100,6600,4600,10800,10800,17000,7000,7000},
	[1077] = {1077,455760089,11957424,2513120,2513120,187307859,14600,5100,6600,4600,10800,10800,17000,7000,7000},
	[1078] = {1078,456814637,11987948,2516362,2516362,187775965,14600,5100,6600,4600,10800,10800,17000,7000,7000},
	[1079] = {1079,457870389,12018511,2519604,2519604,188244654,14600,5100,6600,4600,10800,10800,17000,7000,7000},
	[1080] = {1080,458927329,12049112,2522846,2522846,188713926,14600,5100,6600,4600,10800,10800,17000,7000,7000},
	[1081] = {1081,459999861,12080130,2526167,2526167,189189698,14600,5100,6600,4600,10800,10800,17000,7000,7000},
	[1082] = {1082,461073443,12111183,2529487,2529487,189665994,14600,5100,6600,4600,10800,10800,17000,7000,7000},
	[1083] = {1083,462148443,12142281,2532808,2532808,190142962,14600,5100,6600,4600,10800,10800,17000,7000,7000},
	[1084] = {1084,463224676,12173419,2536129,2536129,190620527,14600,5100,6600,4600,10800,10800,17000,7000,7000},
	[1085] = {1085,464301945,12204591,2539449,2539449,191098616,14600,5100,6600,4600,10800,10800,17000,7000,7000},
	[1086] = {1086,465380646,12235809,2542770,2542770,191577377,14600,5100,6600,4600,10800,10800,17000,7000,7000},
	[1087] = {1087,466460566,12267066,2546091,2546091,192056736,14600,5100,6600,4600,10800,10800,17000,7000,7000},
	[1088] = {1088,467541535,12298358,2549411,2549411,192536617,14600,5100,6600,4600,10800,10800,17000,7000,7000},
	[1089] = {1089,468623922,12329695,2552732,2552732,193017171,14600,5100,6600,4600,10800,10800,17000,7000,7000},
	[1090] = {1090,469707545,12361072,2556053,2556053,193498324,14600,5100,6600,4600,10800,10800,17000,7000,7000},
	[1091] = {1091,470792214,12392484,2559373,2559373,193979998,14600,5100,6600,4600,10800,10800,17000,7000,7000},
	[1092] = {1092,471878288,12423940,2562694,2562694,194462346,14600,5100,6600,4600,10800,10800,17000,7000,7000},
	[1093] = {1093,472965410,12455431,2566014,2566014,194945215,14600,5100,6600,4600,10800,10800,17000,7000,7000},
	[1094] = {1094,474053966,12486968,2569335,2569335,195428758,14600,5100,6600,4600,10800,10800,17000,7000,7000},
	[1095] = {1095,475143742,12518544,2572656,2572656,195912899,14600,5100,6600,4600,10800,10800,17000,7000,7000},
	[1096] = {1096,476234565,12550155,2575976,2575976,196397562,14600,5100,6600,4600,10800,10800,17000,7000,7000},
	[1097] = {1097,477326793,12581810,2579297,2579297,196882898,14600,5100,6600,4600,10800,10800,17000,7000,7000},
	[1098] = {1098,478420270,12613506,2582618,2582618,197368832,14600,5100,6600,4600,10800,10800,17000,7000,7000},
	[1099] = {1099,479514779,12645236,2585938,2585938,197855288,14600,5100,6600,4600,10800,10800,17000,7000,7000},
	[1100] = {1100,480610723,12677012,2589259,2589259,198342417,14600,5100,6600,4600,10800,10800,17000,7000,7000},
	[1101] = {1101,481722562,12709214,2592659,2592659,198836204,14600,5100,6600,4600,10800,10800,17000,7000,7000},
	[1102] = {1102,482835664,12741457,2596059,2596059,199330602,14600,5100,6600,4600,10800,10800,17000,7000,7000},
	[1103] = {1103,483950029,12773741,2599459,2599459,199825612,14600,5100,6600,4600,10800,10800,17000,7000,7000},
	[1104] = {1104,485065659,12806066,2602859,2602859,200321234,14600,5100,6600,4600,10800,10800,17000,7000,7000},
	[1105] = {1105,486182537,12838431,2606259,2606259,200817468,14600,5100,6600,4600,10800,10800,17000,7000,7000},
	[1106] = {1106,487300695,12870838,2609659,2609659,201314314,14600,5100,6600,4600,10800,10800,17000,7000,7000},
	[1107] = {1107,488420101,12903285,2613059,2613059,201811772,14600,5100,6600,4600,10800,10800,17000,7000,7000},
	[1108] = {1108,489540771,12935773,2616459,2616459,202309842,14600,5100,6600,4600,10800,10800,17000,7000,7000},
	[1109] = {1109,490662705,12968302,2619859,2619859,202808524,14600,5100,6600,4600,10800,10800,17000,7000,7000},
	[1110] = {1110,491786076,13000876,2623260,2623260,203307896,14600,5100,6600,4600,10800,10800,17000,7000,7000},
	[1111] = {1111,492910523,13033486,2626660,2626660,203807802,14600,5100,6600,4600,10800,10800,17000,7000,7000},
	[1112] = {1112,494036249,13066138,2630060,2630060,204308320,14600,5100,6600,4600,10800,10800,17000,7000,7000},
	[1113] = {1113,495163224,13098830,2633460,2633460,204809451,14600,5100,6600,4600,10800,10800,17000,7000,7000},
	[1114] = {1114,496291448,13131562,2636860,2636860,205311193,14600,5100,6600,4600,10800,10800,17000,7000,7000},
	[1115] = {1115,497420950,13164336,2640260,2640260,205813547,14600,5100,6600,4600,10800,10800,17000,7000,7000},
	[1116] = {1116,498551702,13197150,2643660,2643660,206316513,14600,5100,6600,4600,10800,10800,17000,7000,7000},
	[1117] = {1117,499683717,13230005,2647060,2647060,206820091,14600,5100,6600,4600,10800,10800,17000,7000,7000},
	[1118] = {1118,500816997,13262901,2650460,2650460,207324282,14600,5100,6600,4600,10800,10800,17000,7000,7000},
	[1119] = {1119,501951540,13295838,2653860,2653860,207829084,14600,5100,6600,4600,10800,10800,17000,7000,7000},
	[1120] = {1120,503087346,13328816,2657260,2657260,208334498,14600,5100,6600,4600,10800,10800,17000,7000,7000},
	[1121] = {1121,504239377,13362231,2660739,2660739,208846725,14600,5100,6600,4600,10800,10800,17000,7000,7000},
	[1122] = {1122,505392892,13395693,2664219,2664219,209359657,14600,5100,6600,4600,10800,10800,17000,7000,7000},
	[1123] = {1123,506547497,13429191,2667698,2667698,209873137,14600,5100,6600,4600,10800,10800,17000,7000,7000},
	[1124] = {1124,507703599,13462737,2671178,2671178,210387321,14600,5100,6600,4600,10800,10800,17000,7000,7000},
	[1125] = {1125,508860791,13496319,2674657,2674657,210902053,14600,5100,6600,4600,10800,10800,17000,7000,7000},
	[1126] = {1126,510019278,13529943,2678136,2678136,211417412,14600,5100,6600,4600,10800,10800,17000,7000,7000},
	[1127] = {1127,511179232,13563613,2681616,2681616,211933475,14600,5100,6600,4600,10800,10800,17000,7000,7000},
	[1128] = {1128,512340307,13597321,2685095,2685095,212450086,14600,5100,6600,4600,10800,10800,17000,7000,7000},
	[1129] = {1129,513502850,13631075,2688575,2688575,212967402,14600,5100,6600,4600,10800,10800,17000,7000,7000},
	[1130] = {1130,514666497,13664866,2692054,2692054,213485266,14600,5100,6600,4600,10800,10800,17000,7000,7000},
	[1131] = {1131,515831423,13698698,2695533,2695533,214003755,14600,5100,6600,4600,10800,10800,17000,7000,7000},
	[1132] = {1132,516997849,13732578,2699013,2699013,214522951,14600,5100,6600,4600,10800,10800,17000,7000,7000},
	[1133] = {1133,518165363,13766494,2702492,2702492,215042693,14600,5100,6600,4600,10800,10800,17000,7000,7000},
	[1134] = {1134,519334362,13800457,2705972,2705972,215563141,14600,5100,6600,4600,10800,10800,17000,7000,7000},
	[1135] = {1135,520504450,13834456,2709451,2709451,216084136,14600,5100,6600,4600,10800,10800,17000,7000,7000},
	[1136] = {1136,521675846,13868498,2712930,2712930,216605757,14600,5100,6600,4600,10800,10800,17000,7000,7000},
	[1137] = {1137,522848712,13902586,2716410,2716410,217128084,14600,5100,6600,4600,10800,10800,17000,7000,7000},
	[1138] = {1138,524022681,13936711,2719889,2719889,217650957,14600,5100,6600,4600,10800,10800,17000,7000,7000},
	[1139] = {1139,525198121,13970882,2723369,2723369,218174537,14600,5100,6600,4600,10800,10800,17000,7000,7000},
	[1140] = {1140,526374678,14005091,2726848,2726848,218698663,14600,5100,6600,4600,10800,10800,17000,7000,7000},
	[1141] = {1141,527565261,14039680,2730393,2730393,219228714,14600,5100,6600,4600,10800,10800,17000,7000,7000},
	[1142] = {1142,528757357,14074317,2733939,2733939,219759484,14600,5100,6600,4600,10800,10800,17000,7000,7000},
	[1143] = {1143,529950584,14108992,2737484,2737484,220290812,14600,5100,6600,4600,10800,10800,17000,7000,7000},
	[1144] = {1144,531145308,14143714,2741030,2741030,220822858,14600,5100,6600,4600,10800,10800,17000,7000,7000},
	[1145] = {1145,532341163,14178474,2744575,2744575,221355462,14600,5100,6600,4600,10800,10800,17000,7000,7000},
	[1146] = {1146,533538516,14213281,2748121,2748121,221888785,14600,5100,6600,4600,10800,10800,17000,7000,7000},
	[1147] = {1147,534736999,14248126,2751666,2751666,222422666,14600,5100,6600,4600,10800,10800,17000,7000,7000},
	[1148] = {1148,535936995,14283019,2755212,2755212,222957265,14600,5100,6600,4600,10800,10800,17000,7000,7000},
	[1149] = {1149,537138092,14317948,2758757,2758757,223492422,14600,5100,6600,4600,10800,10800,17000,7000,7000},
	[1150] = {1150,538340716,14352926,2762303,2762303,224028297,14600,5100,6600,4600,10800,10800,17000,7000,7000},
	[1151] = {1151,539544455,14387941,2765848,2765848,224564730,14600,5100,6600,4600,10800,10800,17000,7000,7000},
	[1152] = {1152,540749501,14422998,2769393,2769393,225101801,14600,5100,6600,4600,10800,10800,17000,7000,7000},
	[1153] = {1153,541956062,14458103,2772939,2772939,225639592,14600,5100,6600,4600,10800,10800,17000,7000,7000},
	[1154] = {1154,543163751,14493246,2776484,2776484,226177939,14600,5100,6600,4600,10800,10800,17000,7000,7000},
	[1155] = {1155,544372939,14528436,2780030,2780030,226717006,14600,5100,6600,4600,10800,10800,17000,7000,7000},
	[1156] = {1156,545583257,14563664,2783575,2783575,227256630,14600,5100,6600,4600,10800,10800,17000,7000,7000},
	[1157] = {1157,546795073,14598939,2787121,2787121,227796973,14600,5100,6600,4600,10800,10800,17000,7000,7000},
	[1158] = {1158,548008019,14634252,2790666,2790666,228337873,14600,5100,6600,4600,10800,10800,17000,7000,7000},
	[1159] = {1159,549222479,14669613,2794212,2794212,228879493,14600,5100,6600,4600,10800,10800,17000,7000,7000},
	[1160] = {1160,550438038,14705010,2797757,2797757,229421669,14600,5100,6600,4600,10800,10800,17000,7000,7000},
	[1161] = {1161,551673435,14740945,2801396,2801396,229972200,14600,5100,6600,4600,10800,10800,17000,7000,7000},
	[1162] = {1162,552910380,14776929,2805036,2805036,230523468,14600,5100,6600,4600,10800,10800,17000,7000,7000},
	[1163] = {1163,554148471,14812951,2808675,2808675,231075309,14600,5100,6600,4600,10800,10800,17000,7000,7000},
	[1164] = {1164,555388126,14849023,2812315,2812315,231627888,14600,5100,6600,4600,10800,10800,17000,7000,7000},
	[1165] = {1165,556628912,14885132,2815954,2815954,232181039,14600,5100,6600,4600,10800,10800,17000,7000,7000},
	[1166] = {1166,557871259,14921291,2819594,2819594,232734927,14600,5100,6600,4600,10800,10800,17000,7000,7000},
	[1167] = {1167,559114755,14957488,2823233,2823233,233289389,14600,5100,6600,4600,10800,10800,17000,7000,7000},
	[1168] = {1168,560359797,14993734,2826873,2826873,233844588,14600,5100,6600,4600,10800,10800,17000,7000,7000},
	[1169] = {1169,561605986,15030018,2830512,2830512,234400359,14600,5100,6600,4600,10800,10800,17000,7000,7000},
	[1170] = {1170,562853738,15066352,2834152,2834152,234956869,14600,5100,6600,4600,10800,10800,17000,7000,7000},
	[1171] = {1171,564102621,15102723,2837791,2837791,235513950,14600,5100,6600,4600,10800,10800,17000,7000,7000},
	[1172] = {1172,565352873,15139139,2841430,2841430,236071687,14600,5100,6600,4600,10800,10800,17000,7000,7000},
	[1173] = {1173,566604660,15175603,2845070,2845070,236630162,14600,5100,6600,4600,10800,10800,17000,7000,7000},
	[1174] = {1174,567857605,15212106,2848709,2848709,237189208,14600,5100,6600,4600,10800,10800,17000,7000,7000},
	[1175] = {1175,569112086,15248657,2852349,2852349,237748993,14600,5100,6600,4600,10800,10800,17000,7000,7000},
	[1176] = {1176,570367726,15285247,2855988,2855988,238309350,14600,5100,6600,4600,10800,10800,17000,7000,7000},
	[1177] = {1177,571624917,15321886,2859628,2859628,238870446,14600,5100,6600,4600,10800,10800,17000,7000,7000},
	[1178] = {1178,572883266,15358564,2863267,2863267,239432113,14600,5100,6600,4600,10800,10800,17000,7000,7000},
	[1179] = {1179,574143150,15395290,2866907,2866907,239994518,14600,5100,6600,4600,10800,10800,17000,7000,7000},
	[1180] = {1180,575404193,15432055,2870546,2870546,240557495,14600,5100,6600,4600,10800,10800,17000,7000,7000},
	[1181] = {1181,576683025,15469304,2874267,2874267,241128007,14600,5100,6600,4600,10800,10800,17000,7000,7000},
	[1182] = {1182,577963046,15506593,2877987,2877987,241699104,14600,5100,6600,4600,10800,10800,17000,7000,7000},
	[1183] = {1183,579244646,15543932,2881708,2881708,242270954,14600,5100,6600,4600,10800,10800,17000,7000,7000},
	[1184] = {1184,580527437,15581311,2885428,2885428,242843391,14600,5100,6600,4600,10800,10800,17000,7000,7000},
	[1185] = {1185,581811793,15618739,2889149,2889149,243416581,14600,5100,6600,4600,10800,10800,17000,7000,7000},
	[1186] = {1186,583097339,15656207,2892869,2892869,243990357,14600,5100,6600,4600,10800,10800,17000,7000,7000},
	[1187] = {1187,584384450,15693724,2896590,2896590,244564886,14600,5100,6600,4600,10800,10800,17000,7000,7000},
	[1188] = {1188,585672751,15731281,2900310,2900310,245140001,14600,5100,6600,4600,10800,10800,17000,7000,7000},
	[1189] = {1189,586962632,15768888,2904031,2904031,245715870,14600,5100,6600,4600,10800,10800,17000,7000,7000},
	[1190] = {1190,588253689,15806534,2907751,2907751,246292325,14600,5100,6600,4600,10800,10800,17000,7000,7000},
	[1191] = {1191,589546325,15844230,2911472,2911472,246869533,14600,5100,6600,4600,10800,10800,17000,7000,7000},
	[1192] = {1192,590840151,15881966,2915192,2915192,247447327,14600,5100,6600,4600,10800,10800,17000,7000,7000},
	[1193] = {1193,592135543,15919751,2918913,2918913,248025875,14600,5100,6600,4600,10800,10800,17000,7000,7000},
	[1194] = {1194,593432124,15957576,2922633,2922633,248605008,14600,5100,6600,4600,10800,10800,17000,7000,7000},
	[1195] = {1195,594730271,15995450,2926354,2926354,249184895,14600,5100,6600,4600,10800,10800,17000,7000,7000},
	[1196] = {1196,596029607,16033364,2930074,2930074,249765367,14600,5100,6600,4600,10800,10800,17000,7000,7000},
	[1197] = {1197,597330539,16071329,2933795,2933795,250346594,14600,5100,6600,4600,10800,10800,17000,7000,7000},
	[1198] = {1198,598632631,16109332,2937515,2937515,250928406,14600,5100,6600,4600,10800,10800,17000,7000,7000},
	[1199] = {1199,599936303,16147385,2941236,2941236,251510972,14600,5100,6600,4600,10800,10800,17000,7000,7000},
	[1200] = {1200,601241164,16185478,2944956,2944956,252094123,14600,5100,6600,4600,10800,10800,17000,7000,7000},
	[1201] = {1201,602564149,16224066,2948758,2948758,252684970,14600,5100,6600,4600,10800,10800,17000,7000,7000},
	[1202] = {1202,603888338,16262694,2952559,2952559,253276416,14600,5100,6600,4600,10800,10800,17000,7000,7000},
	[1203] = {1203,605214153,16301374,2956361,2956361,253868631,14600,5100,6600,4600,10800,10800,17000,7000,7000},
	[1204] = {1204,606541370,16340099,2960163,2960163,254461531,14600,5100,6600,4600,10800,10800,17000,7000,7000},
	[1205] = {1205,607870003,16378870,2963965,2963965,255055116,14600,5100,6600,4600,10800,10800,17000,7000,7000},
	[1206] = {1206,609199838,16417681,2967766,2967766,255649298,14600,5100,6600,4600,10800,10800,17000,7000,7000},
	[1207] = {1207,610531286,16456543,2971568,2971568,256244251,14600,5100,6600,4600,10800,10800,17000,7000,7000},
	[1208] = {1208,611864151,16495451,2975370,2975370,256839889,14600,5100,6600,4600,10800,10800,17000,7000,7000},
	[1209] = {1209,613198217,16534399,2979171,2979171,257436124,14600,5100,6600,4600,10800,10800,17000,7000,7000},
	[1210] = {1210,614533883,16573397,2982973,2982973,258033130,14600,5100,6600,4600,10800,10800,17000,7000,7000},
	[1211] = {1211,615870978,16612442,2986775,2986775,258630820,14600,5100,6600,4600,10800,10800,17000,7000,7000},
	[1212] = {1212,617209276,16651527,2990576,2990576,259229108,14600,5100,6600,4600,10800,10800,17000,7000,7000},
	[1213] = {1213,618549173,16690662,2994378,2994378,259828167,14600,5100,6600,4600,10800,10800,17000,7000,7000},
	[1214] = {1214,619890501,16729844,2998180,2998180,260427911,14600,5100,6600,4600,10800,10800,17000,7000,7000},
	[1215] = {1215,621233229,16769071,3001982,3001982,261028338,14600,5100,6600,4600,10800,10800,17000,7000,7000},
	[1216] = {1216,622577159,16808338,3005783,3005783,261629363,14600,5100,6600,4600,10800,10800,17000,7000,7000},
	[1217] = {1217,623922704,16847656,3009585,3009585,262231160,14600,5100,6600,4600,10800,10800,17000,7000,7000},
	[1218] = {1218,625269663,16887020,3013387,3013387,262833640,14600,5100,6600,4600,10800,10800,17000,7000,7000},
	[1219] = {1219,626617825,16926424,3017188,3017188,263436718,14600,5100,6600,4600,10800,10800,17000,7000,7000},
	[1220] = {1220,627967601,16965879,3020990,3020990,264040567,14600,5100,6600,4600,10800,10800,17000,7000,7000},
	[1221] = {1221,629335654,17005836,3024873,3024873,264652188,14600,5100,6600,4600,10800,10800,17000,7000,7000},
	[1222] = {1222,630705338,17045844,3028757,3028757,265264595,14600,5100,6600,4600,10800,10800,17000,7000,7000},
	[1223] = {1223,632076254,17085893,3032640,3032640,265877614,14600,5100,6600,4600,10800,10800,17000,7000,7000},
	[1224] = {1224,633448615,17125989,3036523,3036523,266491331,14600,5100,6600,4600,10800,10800,17000,7000,7000},
	[1225] = {1225,634822621,17166137,3040407,3040407,267105835,14600,5100,6600,4600,10800,10800,17000,7000,7000},
	[1226] = {1226,636197875,17206327,3044290,3044290,267720951,14600,5100,6600,4600,10800,10800,17000,7000,7000},
	[1227] = {1227,637574545,17246562,3048173,3048173,268336765,14600,5100,6600,4600,10800,10800,17000,7000,7000},
	[1228] = {1228,638952675,17286845,3052056,3052056,268953278,14600,5100,6600,4600,10800,10800,17000,7000,7000},
	[1229] = {1229,640332438,17327179,3055940,3055940,269570579,14600,5100,6600,4600,10800,10800,17000,7000,7000},
	[1230] = {1230,641713445,17367555,3059823,3059823,270188490,14600,5100,6600,4600,10800,10800,17000,7000,7000},
	[1231] = {1231,643095884,17407977,3063706,3063706,270807100,14600,5100,6600,4600,10800,10800,17000,7000,7000},
	[1232] = {1232,644479970,17448451,3067590,3067590,271426498,14600,5100,6600,4600,10800,10800,17000,7000,7000},
	[1233] = {1233,645865301,17488967,3071473,3071473,272046506,14600,5100,6600,4600,10800,10800,17000,7000,7000},
	[1234] = {1234,647252064,17529529,3075356,3075356,272667213,14600,5100,6600,4600,10800,10800,17000,7000,7000},
	[1235] = {1235,648640472,17570143,3079240,3079240,273288708,14600,5100,6600,4600,10800,10800,17000,7000,7000},
	[1236] = {1236,650030112,17610798,3083123,3083123,273910813,14600,5100,6600,4600,10800,10800,17000,7000,7000},
	[1237] = {1237,651421198,17651500,3087006,3087006,274533617,14600,5100,6600,4600,10800,10800,17000,7000,7000},
	[1238] = {1238,652813715,17692248,3090889,3090889,275157120,14600,5100,6600,4600,10800,10800,17000,7000,7000},
	[1239] = {1239,654207893,17733049,3094773,3094773,275781411,14600,5100,6600,4600,10800,10800,17000,7000,7000},
	[1240] = {1240,655603288,17773890,3098656,3098656,276406312,14600,5100,6600,4600,10800,10800,17000,7000,7000},
	[1241] = {1241,657014320,17815163,3102606,3102606,277037894,14600,5100,6600,4600,10800,10800,17000,7000,7000},
	[1242] = {1242,658426611,17856478,3106555,3106555,277670099,14600,5100,6600,4600,10800,10800,17000,7000,7000},
	[1243] = {1243,659840562,17897845,3110505,3110505,278303103,14600,5100,6600,4600,10800,10800,17000,7000,7000},
	[1244] = {1244,661255985,17939260,3114455,3114455,278936818,14600,5100,6600,4600,10800,10800,17000,7000,7000},
	[1245] = {1245,662672884,17980723,3118405,3118405,279571245,14600,5100,6600,4600,10800,10800,17000,7000,7000},
	[1246] = {1246,664091024,18022227,3122354,3122354,280206292,14600,5100,6600,4600,10800,10800,17000,7000,7000},
	[1247] = {1247,665510839,18063784,3126304,3126304,280842140,14600,5100,6600,4600,10800,10800,17000,7000,7000},
	[1248] = {1248,666932129,18105389,3130254,3130254,281478700,14600,5100,6600,4600,10800,10800,17000,7000,7000},
	[1249] = {1249,668354661,18147035,3134203,3134203,282115880,14600,5100,6600,4600,10800,10800,17000,7000,7000},
	[1250] = {1250,669778868,18188734,3138153,3138153,282753861,14600,5100,6600,4600,10800,10800,17000,7000,7000},
	[1251] = {1251,671204549,18230481,3142103,3142103,283392553,14600,5100,6600,4600,10800,10800,17000,7000,7000},
	[1252] = {1252,672631487,18272270,3146052,3146052,284031866,14600,5100,6600,4600,10800,10800,17000,7000,7000},
	[1253] = {1253,674060086,18314111,3150002,3150002,284671980,14600,5100,6600,4600,10800,10800,17000,7000,7000},
	[1254] = {1254,675490158,18356000,3153952,3153952,285312805,14600,5100,6600,4600,10800,10800,17000,7000,7000},
	[1255] = {1255,676921704,18397937,3157902,3157902,285954341,14600,5100,6600,4600,10800,10800,17000,7000,7000},
	[1256] = {1256,678354493,18439915,3161851,3161851,286596498,14600,5100,6600,4600,10800,10800,17000,7000,7000},
	[1257] = {1257,679788957,18481946,3165801,3165801,287239456,14600,5100,6600,4600,10800,10800,17000,7000,7000},
	[1258] = {1258,681224880,18524024,3169751,3169751,287883125,14600,5100,6600,4600,10800,10800,17000,7000,7000},
	[1259] = {1259,682662074,18566145,3173700,3173700,288527414,14600,5100,6600,4600,10800,10800,17000,7000,7000},
	[1260] = {1260,684100929,18608318,3177650,3177650,289172505,14600,5100,6600,4600,10800,10800,17000,7000,7000},
	[1261] = {1261,685562368,18651113,3181698,3181698,289827234,14600,5100,6600,4600,10800,10800,17000,7000,7000},
	[1262] = {1262,687025095,18693951,3185745,3185745,290482600,14600,5100,6600,4600,10800,10800,17000,7000,7000},
	[1263] = {1263,688489548,18736844,3189793,3189793,291138786,14600,5100,6600,4600,10800,10800,17000,7000,7000},
	[1264] = {1264,689955277,18779779,3193840,3193840,291795610,14600,5100,6600,4600,10800,10800,17000,7000,7000},
	[1265] = {1265,691422715,18822768,3197888,3197888,292453253,14600,5100,6600,4600,10800,10800,17000,7000,7000},
	[1266] = {1266,692891661,18865806,3201936,3201936,293111625,14600,5100,6600,4600,10800,10800,17000,7000,7000},
	[1267] = {1267,694361897,18908887,3205983,3205983,293770634,14600,5100,6600,4600,10800,10800,17000,7000,7000},
	[1268] = {1268,695833857,18952023,3210031,3210031,294430463,14600,5100,6600,4600,10800,10800,17000,7000,7000},
	[1269] = {1269,697307078,18995200,3214078,3214078,295090929,14600,5100,6600,4600,10800,10800,17000,7000,7000},
	[1270] = {1270,698782038,19038433,3218126,3218126,295752215,14600,5100,6600,4600,10800,10800,17000,7000,7000},
	[1271] = {1271,700258492,19081714,3222174,3222174,296414230,14600,5100,6600,4600,10800,10800,17000,7000,7000},
	[1272] = {1272,701736235,19125038,3226221,3226221,297076882,14600,5100,6600,4600,10800,10800,17000,7000,7000},
	[1273] = {1273,703215688,19168416,3230269,3230269,297740354,14600,5100,6600,4600,10800,10800,17000,7000,7000},
	[1274] = {1274,704696430,19211837,3234316,3234316,298404462,14600,5100,6600,4600,10800,10800,17000,7000,7000},
	[1275] = {1275,706178884,19255312,3238364,3238364,299069392,14600,5100,6600,4600,10800,10800,17000,7000,7000},
	[1276] = {1276,707662845,19298836,3242412,3242412,299735050,14600,5100,6600,4600,10800,10800,17000,7000,7000},
	[1277] = {1277,709148080,19342402,3246459,3246459,300401344,14600,5100,6600,4600,10800,10800,17000,7000,7000},
	[1278] = {1278,710635041,19386023,3250507,3250507,301068459,14600,5100,6600,4600,10800,10800,17000,7000,7000},
	[1279] = {1279,712123290,19429687,3254554,3254554,301736210,14600,5100,6600,4600,10800,10800,17000,7000,7000},
	[1280] = {1280,713613251,19473405,3258602,3258602,302404782,14600,5100,6600,4600,10800,10800,17000,7000,7000},
	[1281] = {1281,715122685,19517662,3262732,3262732,303081700,14600,5100,6600,4600,10800,10800,17000,7000,7000},
	[1282] = {1282,716633877,19561975,3266863,3266863,303759455,14600,5100,6600,4600,10800,10800,17000,7000,7000},
	[1283] = {1283,718146387,19606332,3270993,3270993,304437860,14600,5100,6600,4600,10800,10800,17000,7000,7000},
	[1284] = {1284,719660419,19650738,3275123,3275123,305117008,14600,5100,6600,4600,10800,10800,17000,7000,7000},
	[1285] = {1285,721176197,19695199,3279254,3279254,305796994,14600,5100,6600,4600,10800,10800,17000,7000,7000},
	[1286] = {1286,722693292,19739704,3283384,3283384,306477629,14600,5100,6600,4600,10800,10800,17000,7000,7000},
	[1287] = {1287,724211925,19784259,3287514,3287514,307159008,14600,5100,6600,4600,10800,10800,17000,7000,7000},
	[1288] = {1288,725732301,19828869,3291645,3291645,307841223,14600,5100,6600,4600,10800,10800,17000,7000,7000},
	[1289] = {1289,727253996,19873523,3295775,3295775,308524089,14600,5100,6600,4600,10800,10800,17000,7000,7000},
	[1290] = {1290,728777434,19918232,3299906,3299906,309207792,14600,5100,6600,4600,10800,10800,17000,7000,7000},
	[1291] = {1291,730302190,19962985,3304036,3304036,309892144,14600,5100,6600,4600,10800,10800,17000,7000,7000},
	[1292] = {1292,731828469,20007787,3308166,3308166,310577240,14600,5100,6600,4600,10800,10800,17000,7000,7000},
	[1293] = {1293,733356522,20052646,3312297,3312297,311263173,14600,5100,6600,4600,10800,10800,17000,7000,7000},
	[1294] = {1294,734885863,20097547,3316427,3316427,311949756,14600,5100,6600,4600,10800,10800,17000,7000,7000},
	[1295] = {1295,736416742,20142498,3320557,3320557,312637082,14600,5100,6600,4600,10800,10800,17000,7000,7000},
	[1296] = {1296,737949380,20187505,3324688,3324688,313325246,14600,5100,6600,4600,10800,10800,17000,7000,7000},
	[1297] = {1297,739483321,20232555,3328818,3328818,314014059,14600,5100,6600,4600,10800,10800,17000,7000,7000},
	[1298] = {1298,741018800,20277655,3332948,3332948,314703616,14600,5100,6600,4600,10800,10800,17000,7000,7000},
	[1299] = {1299,742556038,20322811,3337079,3337079,315394010,14600,5100,6600,4600,10800,10800,17000,7000,7000},
	[1300] = {1300,744094578,20368010,3341209,3341209,316085053,14600,5100,6600,4600,10800,10800,17000,7000,7000},
	[1301] = {1301,627408203,19759594,3238216,3238216,306633149,14600,5100,6600,4600,10800,10800,17000,7000,7000},
	[1302] = {1302,628752427,19804921,3242456,3242456,307326464,14600,5100,6600,4600,10800,10800,17000,7000,7000},
	[1303] = {1303,630097828,19850293,3246695,3246695,308020448,14600,5100,6600,4600,10800,10800,17000,7000,7000},
	[1304] = {1304,631444789,19895722,3250935,3250935,308715289,14600,5100,6600,4600,10800,10800,17000,7000,7000},
	[1305] = {1305,632793119,19941202,3255175,3255175,309410894,14600,5100,6600,4600,10800,10800,17000,7000,7000},
	[1306] = {1306,634142804,19986732,3259415,3259415,310107261,14600,5100,6600,4600,10800,10800,17000,7000,7000},
	[1307] = {1307,635493871,20032314,3263655,3263655,310804392,14600,5100,6600,4600,10800,10800,17000,7000,7000},
	[1308] = {1308,636846101,20077940,3267894,3267894,311502191,14600,5100,6600,4600,10800,10800,17000,7000,7000},
	[1309] = {1309,638199905,20123624,3272134,3272134,312200849,14600,5100,6600,4600,10800,10800,17000,7000,7000},
	[1310] = {1310,639555065,20169358,3276374,3276374,312900269,14600,5100,6600,4600,10800,10800,17000,7000,7000},
	[1311] = {1311,640911594,20215143,3280614,3280614,313600453,14600,5100,6600,4600,10800,10800,17000,7000,7000},
	[1312] = {1312,642269491,20260979,3284854,3284854,314301400,14600,5100,6600,4600,10800,10800,17000,7000,7000},
	[1313] = {1313,643628563,20306860,3289093,3289093,315003014,14600,5100,6600,4600,10800,10800,17000,7000,7000},
	[1314] = {1314,644989185,20352797,3293333,3293333,315705488,14600,5100,6600,4600,10800,10800,17000,7000,7000},
	[1315] = {1315,646351188,20398786,3297573,3297573,316408724,14600,5100,6600,4600,10800,10800,17000,7000,7000},
	[1316] = {1316,647714560,20444826,3301813,3301813,317112724,14600,5100,6600,4600,10800,10800,17000,7000,7000},
	[1317] = {1317,649079286,20490916,3306053,3306053,317817486,14600,5100,6600,4600,10800,10800,17000,7000,7000},
	[1318] = {1318,650445189,20537051,3310292,3310292,318522916,14600,5100,6600,4600,10800,10800,17000,7000,7000},
	[1319] = {1319,651812653,20583243,3314532,3314532,319229205,14600,5100,6600,4600,10800,10800,17000,7000,7000},
	[1320] = {1320,653181487,20629486,3318772,3318772,319936258,14600,5100,6600,4600,10800,10800,17000,7000,7000},
	[1321] = {1321,654562920,20676135,3323069,3323069,320649573,14600,5100,6600,4600,10800,10800,17000,7000,7000},
	[1322] = {1322,655945926,20722841,3327367,3327367,321363759,14600,5100,6600,4600,10800,10800,17000,7000,7000},
	[1323] = {1323,657330130,20769593,3331664,3331664,322078622,14600,5100,6600,4600,10800,10800,17000,7000,7000},
	[1324] = {1324,658715906,20816402,3335962,3335962,322794355,14600,5100,6600,4600,10800,10800,17000,7000,7000},
	[1325] = {1325,660102878,20863257,3340259,3340259,323510764,14600,5100,6600,4600,10800,10800,17000,7000,7000},
	[1326] = {1326,661491241,20910164,3344556,3344556,324227947,14600,5100,6600,4600,10800,10800,17000,7000,7000},
	[1327] = {1327,662881178,20957128,3348854,3348854,324946001,14600,5100,6600,4600,10800,10800,17000,7000,7000},
	[1328] = {1328,664272298,21004137,3353151,3353151,325664731,14600,5100,6600,4600,10800,10800,17000,7000,7000},
	[1329] = {1329,665665017,21051205,3357449,3357449,326384332,14600,5100,6600,4600,10800,10800,17000,7000,7000},
	[1330] = {1330,667058906,21098317,3361746,3361746,327104609,14600,5100,6600,4600,10800,10800,17000,7000,7000},
	[1331] = {1331,668454199,21145482,3366043,3366043,327825659,14600,5100,6600,4600,10800,10800,17000,7000,7000},
	[1332] = {1332,669851066,21192704,3370341,3370341,328547581,14600,5100,6600,4600,10800,10800,17000,7000,7000},
	[1333] = {1333,671249115,21239971,3374638,3374638,329270178,14600,5100,6600,4600,10800,10800,17000,7000,7000},
	[1334] = {1334,672648751,21287296,3378936,3378936,329993647,14600,5100,6600,4600,10800,10800,17000,7000,7000},
	[1335] = {1335,674049584,21334667,3383233,3383233,330717792,14600,5100,6600,4600,10800,10800,17000,7000,7000},
	[1336] = {1336,675451794,21382089,3387530,3387530,331442710,14600,5100,6600,4600,10800,10800,17000,7000,7000},
	[1337] = {1337,676855590,21429569,3391828,3391828,332168499,14600,5100,6600,4600,10800,10800,17000,7000,7000},
	[1338] = {1338,678260570,21477094,3396125,3396125,332894964,14600,5100,6600,4600,10800,10800,17000,7000,7000},
	[1339] = {1339,679667136,21524677,3400423,3400423,333622301,14600,5100,6600,4600,10800,10800,17000,7000,7000},
	[1340] = {1340,681074885,21572305,3404720,3404720,334350313,14600,5100,6600,4600,10800,10800,17000,7000,7000},
	[1341] = {1341,682497439,21620410,3409084,3409084,335085684,14600,5100,6600,4600,10800,10800,17000,7000,7000},
	[1342] = {1342,683921200,21668561,3413447,3413447,335821742,14600,5100,6600,4600,10800,10800,17000,7000,7000},
	[1343] = {1343,685346572,21716771,3417811,3417811,336558684,14600,5100,6600,4600,10800,10800,17000,7000,7000},
	[1344] = {1344,686773137,21765026,3422174,3422174,337296313,14600,5100,6600,4600,10800,10800,17000,7000,7000},
	[1345] = {1345,688201314,21813340,3426538,3426538,338034826,14600,5100,6600,4600,10800,10800,17000,7000,7000},
	[1346] = {1346,689630709,21861701,3430901,3430901,338774026,14600,5100,6600,4600,10800,10800,17000,7000,7000},
	[1347] = {1347,691061703,21910120,3435265,3435265,339514110,14600,5100,6600,4600,10800,10800,17000,7000,7000},
	[1348] = {1348,692493903,21958585,3439628,3439628,340254881,14600,5100,6600,4600,10800,10800,17000,7000,7000},
	[1349] = {1349,693927701,22007108,3443992,3443992,340996535,14600,5100,6600,4600,10800,10800,17000,7000,7000},
	[1350] = {1350,695362718,22055678,3448355,3448355,341738877,14600,5100,6600,4600,10800,10800,17000,7000,7000},
	[1351] = {1351,696799347,22104307,3452719,3452719,342482103,14600,5100,6600,4600,10800,10800,17000,7000,7000},
	[1352] = {1352,698237169,22152981,3457082,3457082,343226015,14600,5100,6600,4600,10800,10800,17000,7000,7000},
	[1353] = {1353,699676601,22201714,3461446,3461446,343970811,14600,5100,6600,4600,10800,10800,17000,7000,7000},
	[1354] = {1354,701117240,22250493,3465809,3465809,344716294,14600,5100,6600,4600,10800,10800,17000,7000,7000},
	[1355] = {1355,702559491,22299331,3470173,3470173,345462662,14600,5100,6600,4600,10800,10800,17000,7000,7000},
	[1356] = {1356,704002947,22348215,3474536,3474536,346209716,14600,5100,6600,4600,10800,10800,17000,7000,7000},
	[1357] = {1357,705448015,22397158,3478900,3478900,346957654,14600,5100,6600,4600,10800,10800,17000,7000,7000},
	[1358] = {1358,706894275,22446146,3483263,3483263,347706279,14600,5100,6600,4600,10800,10800,17000,7000,7000},
	[1359] = {1359,708342160,22495194,3487627,3487627,348455788,14600,5100,6600,4600,10800,10800,17000,7000,7000},
	[1360] = {1360,709791238,22544287,3491990,3491990,349205983,14600,5100,6600,4600,10800,10800,17000,7000,7000},
	[1361] = {1361,711262675,22594098,3496456,3496456,349967273,14600,5100,6600,4600,10800,10800,17000,7000,7000},
	[1362] = {1362,712735361,22643957,3500921,3500921,350729267,14600,5100,6600,4600,10800,10800,17000,7000,7000},
	[1363] = {1363,714209677,22693875,3505387,3505387,351492165,14600,5100,6600,4600,10800,10800,17000,7000,7000},
	[1364] = {1364,715685226,22743840,3509852,3509852,352255766,14600,5100,6600,4600,10800,10800,17000,7000,7000},
	[1365] = {1365,717162431,22793866,3514318,3514318,353020271,14600,5100,6600,4600,10800,10800,17000,7000,7000},
	[1366] = {1366,718640871,22843939,3518783,3518783,353785480,14600,5100,6600,4600,10800,10800,17000,7000,7000},
	[1367] = {1367,720120954,22894072,3523249,3523249,354551593,14600,5100,6600,4600,10800,10800,17000,7000,7000},
	[1368] = {1368,721602258,22944251,3527714,3527714,355318409,14600,5100,6600,4600,10800,10800,17000,7000,7000},
	[1369] = {1369,723085219,22994491,3532180,3532180,356086130,14600,5100,6600,4600,10800,10800,17000,7000,7000},
	[1370] = {1370,724569624,23044785,3536646,3536646,356854654,14600,5100,6600,4600,10800,10800,17000,7000,7000},
	[1371] = {1371,726055251,23095125,3541111,3541111,357623882,14600,5100,6600,4600,10800,10800,17000,7000,7000},
	[1372] = {1372,727542534,23145526,3545577,3545577,358394014,14600,5100,6600,4600,10800,10800,17000,7000,7000},
	[1373] = {1373,729031051,23195974,3550042,3550042,359164849,14600,5100,6600,4600,10800,10800,17000,7000,7000},
	[1374] = {1374,730521211,23246482,3554508,3554508,359936589,14600,5100,6600,4600,10800,10800,17000,7000,7000},
	[1375] = {1375,732012605,23297037,3558973,3558973,360709031,14600,5100,6600,4600,10800,10800,17000,7000,7000},
	[1376] = {1376,733505643,23347652,3563439,3563439,361482379,14600,5100,6600,4600,10800,10800,17000,7000,7000},
	[1377] = {1377,734999914,23398314,3567904,3567904,362256428,14600,5100,6600,4600,10800,10800,17000,7000,7000},
	[1378] = {1378,736495830,23449036,3572370,3572370,363031384,14600,5100,6600,4600,10800,10800,17000,7000,7000},
	[1379] = {1379,737992978,23499805,3576835,3576835,363807041,14600,5100,6600,4600,10800,10800,17000,7000,7000},
	[1380] = {1380,739491783,23550635,3581301,3581301,364583604,14600,5100,6600,4600,10800,10800,17000,7000,7000},
	[1381] = {1381,741009382,23602071,3585851,3585851,365369530,14600,5100,6600,4600,10800,10800,17000,7000,7000},
	[1382] = {1382,742528650,23653568,3590402,3590402,366156376,14600,5100,6600,4600,10800,10800,17000,7000,7000},
	[1383] = {1383,744049180,23705113,3594952,3594952,366943940,14600,5100,6600,4600,10800,10800,17000,7000,7000},
	[1384] = {1384,745571181,23756713,3599502,3599502,367732323,14600,5100,6600,4600,10800,10800,17000,7000,7000},
	[1385] = {1385,747094854,23808374,3604053,3604053,368521627,14600,5100,6600,4600,10800,10800,17000,7000,7000},
	[1386] = {1386,748619788,23860083,3608603,3608603,369311648,14600,5100,6600,4600,10800,10800,17000,7000,7000},
	[1387] = {1387,750146180,23911846,3613153,3613153,370102488,14600,5100,6600,4600,10800,10800,17000,7000,7000},
	[1388] = {1388,751674257,23963671,3617704,3617704,370894249,14600,5100,6600,4600,10800,10800,17000,7000,7000},
	[1389] = {1389,753203594,24015544,3622254,3622254,371686727,14600,5100,6600,4600,10800,10800,17000,7000,7000},
	[1390] = {1390,754734590,24067477,3626805,3626805,372480127,14600,5100,6600,4600,10800,10800,17000,7000,7000},
	[1391] = {1391,756266858,24119459,3631355,3631355,373274243,14600,5100,6600,4600,10800,10800,17000,7000,7000},
	[1392] = {1392,757800599,24171496,3635905,3635905,374069178,14600,5100,6600,4600,10800,10800,17000,7000,7000},
	[1393] = {1393,759336011,24223594,3640456,3640456,374865035,14600,5100,6600,4600,10800,10800,17000,7000,7000},
	[1394] = {1394,760872670,24275739,3645006,3645006,375661608,14600,5100,6600,4600,10800,10800,17000,7000,7000},
	[1395] = {1395,762410815,24327940,3649556,3649556,376459000,14600,5100,6600,4600,10800,10800,17000,7000,7000},
	[1396] = {1396,763950618,24380201,3654107,3654107,377257314,14600,5100,6600,4600,10800,10800,17000,7000,7000},
	[1397] = {1397,765491695,24432511,3658657,3658657,378056345,14600,5100,6600,4600,10800,10800,17000,7000,7000},
	[1398] = {1398,767034230,24484875,3663207,3663207,378856194,14600,5100,6600,4600,10800,10800,17000,7000,7000},
	[1399] = {1399,768578451,24537301,3667758,3667758,379656966,14600,5100,6600,4600,10800,10800,17000,7000,7000},
	[1400] = {1400,770123917,24589774,3672308,3672308,380458453,14600,5100,6600,4600,10800,10800,17000,7000,7000},
	[1401] = {1401,771688900,24642878,3676944,3676944,381269677,14600,5100,6600,4600,10800,10800,17000,7000,7000},
	[1402] = {1402,773255169,24696031,3681579,3681579,382081631,14600,5100,6600,4600,10800,10800,17000,7000,7000},
	[1403] = {1403,774823151,24749247,3686215,3686215,382894524,14600,5100,6600,4600,10800,10800,17000,7000,7000},
	[1404] = {1404,776392418,24802512,3690850,3690850,383708147,14600,5100,6600,4600,10800,10800,17000,7000,7000},
	[1405] = {1405,777963374,24855838,3695486,3695486,384522709,14600,5100,6600,4600,10800,10800,17000,7000,7000},
	[1406] = {1406,779535841,24909221,3700122,3700122,385338105,14600,5100,6600,4600,10800,10800,17000,7000,7000},
	[1407] = {1407,781109581,24962652,3704757,3704757,386154231,14600,5100,6600,4600,10800,10800,17000,7000,7000},
	[1408] = {1408,782685035,25016146,3709393,3709393,386971296,14600,5100,6600,4600,10800,10800,17000,7000,7000},
	[1409] = {1409,784261773,25069689,3714028,3714028,387789091,14600,5100,6600,4600,10800,10800,17000,7000,7000},
	[1410] = {1410,785840200,25123293,3718664,3718664,388607825,14600,5100,6600,4600,10800,10800,17000,7000,7000},
	[1411] = {1411,787420139,25176954,3723300,3723300,389427393,14600,5100,6600,4600,10800,10800,17000,7000,7000},
	[1412] = {1412,789001363,25230664,3727935,3727935,390247691,14600,5100,6600,4600,10800,10800,17000,7000,7000},
	[1413] = {1413,790584275,25284435,3732571,3732571,391068928,14600,5100,6600,4600,10800,10800,17000,7000,7000},
	[1414] = {1414,792168485,25338256,3737206,3737206,391890895,14600,5100,6600,4600,10800,10800,17000,7000,7000},
	[1415] = {1415,793754396,25392139,3741842,3741842,392713801,14600,5100,6600,4600,10800,10800,17000,7000,7000},
	[1416] = {1416,795341807,25446078,3746478,3746478,393537542,14600,5100,6600,4600,10800,10800,17000,7000,7000},
	[1417] = {1417,796930501,25500066,3751113,3751113,394362011,14600,5100,6600,4600,10800,10800,17000,7000,7000},
	[1418] = {1418,798520898,25554116,3755749,3755749,395187421,14600,5100,6600,4600,10800,10800,17000,7000,7000},
	[1419] = {1419,800112579,25608215,3760384,3760384,396013559,14600,5100,6600,4600,10800,10800,17000,7000,7000},
	[1420] = {1420,801705962,25662376,3765020,3765020,396840638,14600,5100,6600,4600,10800,10800,17000,7000,7000},
	[1421] = {1421,802990357,25706653,3768199,3768199,397514848,14600,5100,6600,4600,10800,10800,17000,7000,7000},
	[1422] = {1422,804275776,25750968,3771378,3771378,398189631,14600,5100,6600,4600,10800,10800,17000,7000,7000},
	[1423] = {1423,805562232,25795322,3774557,3774557,398864987,14600,5100,6600,4600,10800,10800,17000,7000,7000},
	[1424] = {1424,806849710,25839714,3777736,3777736,399540914,14600,5100,6600,4600,10800,10800,17000,7000,7000},
	[1425] = {1425,808138211,25884144,3780915,3780915,400217414,14600,5100,6600,4600,10800,10800,17000,7000,7000},
	[1426] = {1426,809427519,25928605,3784093,3784093,400894380,14600,5100,6600,4600,10800,10800,17000,7000,7000},
	[1427] = {1427,810718066,25973111,3787272,3787272,401572024,14600,5100,6600,4600,10800,10800,17000,7000,7000},
	[1428] = {1428,812009637,26017655,3790451,3790451,402250241,14600,5100,6600,4600,10800,10800,17000,7000,7000},
	[1429] = {1429,813302243,26062238,3793630,3793630,402929029,14600,5100,6600,4600,10800,10800,17000,7000,7000},
	[1430] = {1430,814595860,26106858,3796809,3796809,403608390,14600,5100,6600,4600,10800,10800,17000,7000,7000},
	[1431] = {1431,815890512,26151517,3799988,3799988,404288323,14600,5100,6600,4600,10800,10800,17000,7000,7000},
	[1432] = {1432,817186187,26196214,3803167,3803167,404968828,14600,5100,6600,4600,10800,10800,17000,7000,7000},
	[1433] = {1433,818482886,26240949,3806346,3806346,405649905,14600,5100,6600,4600,10800,10800,17000,7000,7000},
	[1434] = {1434,819780608,26285722,3809525,3809525,406331555,14600,5100,6600,4600,10800,10800,17000,7000,7000},
	[1435] = {1435,821079352,26330533,3812704,3812704,407013777,14600,5100,6600,4600,10800,10800,17000,7000,7000},
	[1436] = {1436,822378916,26375376,3815882,3815882,407696464,14600,5100,6600,4600,10800,10800,17000,7000,7000},
	[1437] = {1437,823679707,26420263,3819061,3819061,408379830,14600,5100,6600,4600,10800,10800,17000,7000,7000},
	[1438] = {1438,824981534,26465189,3822240,3822240,409063769,14600,5100,6600,4600,10800,10800,17000,7000,7000},
	[1439] = {1439,826284383,26510153,3825419,3825419,409748279,14600,5100,6600,4600,10800,10800,17000,7000,7000},
	[1440] = {1440,827588256,26555155,3828598,3828598,410433362,14600,5100,6600,4600,10800,10800,17000,7000,7000},
	[1441] = {1441,829232343,26611080,3833345,3833345,411287251,14600,5100,6600,4600,10800,10800,17000,7000,7000},
	[1442] = {1442,830877974,26667063,3838092,3838092,412141995,14600,5100,6600,4600,10800,10800,17000,7000,7000},
	[1443] = {1443,832525122,26723102,3842839,3842839,412997593,14600,5100,6600,4600,10800,10800,17000,7000,7000},
	[1444] = {1444,834173801,26779198,3847586,3847586,413854045,14600,5100,6600,4600,10800,10800,17000,7000,7000},
	[1445] = {1445,835824228,26835358,3852334,3852334,414711459,14600,5100,6600,4600,10800,10800,17000,7000,7000},
	[1446] = {1446,837475970,26891568,3857081,3857081,415569621,14600,5100,6600,4600,10800,10800,17000,7000,7000},
	[1447] = {1447,839129242,26947835,3861828,3861828,416428636,14600,5100,6600,4600,10800,10800,17000,7000,7000},
	[1448] = {1448,840784046,27004159,3866575,3866575,417288507,14600,5100,6600,4600,10800,10800,17000,7000,7000},
	[1449] = {1449,842440380,27060540,3871322,3871322,418149231,14600,5100,6600,4600,10800,10800,17000,7000,7000},
	[1450] = {1450,844098246,27116978,3876069,3876069,419010811,14600,5100,6600,4600,10800,10800,17000,7000,7000},
	[1451] = {1451,845757642,27173473,3880816,3880816,419873244,14600,5100,6600,4600,10800,10800,17000,7000,7000},
	[1452] = {1452,847418570,27230025,3885563,3885563,420736532,14600,5100,6600,4600,10800,10800,17000,7000,7000},
	[1453] = {1453,849081028,27286634,3890310,3890310,421600675,14600,5100,6600,4600,10800,10800,17000,7000,7000},
	[1454] = {1454,850745018,27343300,3895057,3895057,422465672,14600,5100,6600,4600,10800,10800,17000,7000,7000},
	[1455] = {1455,852410744,27400029,3899805,3899805,423331632,14600,5100,6600,4600,10800,10800,17000,7000,7000},
	[1456] = {1456,854077795,27456809,3904552,3904552,424198338,14600,5100,6600,4600,10800,10800,17000,7000,7000},
	[1457] = {1457,855746378,27513646,3909299,3909299,425065898,14600,5100,6600,4600,10800,10800,17000,7000,7000},
	[1458] = {1458,857416491,27570540,3914046,3914046,425934313,14600,5100,6600,4600,10800,10800,17000,7000,7000},
	[1459] = {1459,859088123,27627490,3918793,3918793,426803583,14600,5100,6600,4600,10800,10800,17000,7000,7000},
	[1460] = {1460,860761299,27684498,3923540,3923540,427673707,14600,5100,6600,4600,10800,10800,17000,7000,7000},
	[1461] = {1461,862454664,27742163,3928372,3928372,428553958,14600,5100,6600,4600,10800,10800,17000,7000,7000},
	[1462] = {1462,864149573,27799885,3933204,3933204,429435079,14600,5100,6600,4600,10800,10800,17000,7000,7000},
	[1463] = {1463,865846054,27857666,3938036,3938036,430317069,14600,5100,6600,4600,10800,10800,17000,7000,7000},
	[1464] = {1464,867544093,27915505,3942868,3942868,431199930,14600,5100,6600,4600,10800,10800,17000,7000,7000},
	[1465] = {1465,869243690,27973402,3947700,3947700,432083660,14600,5100,6600,4600,10800,10800,17000,7000,7000},
	[1466] = {1466,870944832,28031356,3952532,3952532,432968260,14600,5100,6600,4600,10800,10800,17000,7000,7000},
	[1467] = {1467,872647546,28089369,3957364,3957364,433853730,14600,5100,6600,4600,10800,10800,17000,7000,7000},
	[1468] = {1468,874351817,28147440,3962196,3962196,434740069,14600,5100,6600,4600,10800,10800,17000,7000,7000},
	[1469] = {1469,876057647,28205569,3967028,3967028,435627278,14600,5100,6600,4600,10800,10800,17000,7000,7000},
	[1470] = {1470,877765241,28263762,3971861,3971861,436515467,14600,5100,6600,4600,10800,10800,17000,7000,7000},
	[1471] = {1471,879474188,28322007,3976693,3976693,437404416,14600,5100,6600,4600,10800,10800,17000,7000,7000},
	[1472] = {1472,881184692,28380310,3981525,3981525,438294235,14600,5100,6600,4600,10800,10800,17000,7000,7000},
	[1473] = {1473,882896742,28438670,3986357,3986357,439184923,14600,5100,6600,4600,10800,10800,17000,7000,7000},
	[1474] = {1474,884610362,28497089,3991189,3991189,440076481,14600,5100,6600,4600,10800,10800,17000,7000,7000},
	[1475] = {1475,886325541,28555566,3996021,3996021,440968909,14600,5100,6600,4600,10800,10800,17000,7000,7000},
	[1476] = {1476,888042265,28614100,4000853,4000853,441862207,14600,5100,6600,4600,10800,10800,17000,7000,7000},
	[1477] = {1477,889760560,28672693,4005685,4005685,442756374,14600,5100,6600,4600,10800,10800,17000,7000,7000},
	[1478] = {1478,891480400,28731343,4010517,4010517,443651411,14600,5100,6600,4600,10800,10800,17000,7000,7000},
	[1479] = {1479,893201812,28790052,4015349,4015349,444547318,14600,5100,6600,4600,10800,10800,17000,7000,7000},
	[1480] = {1480,894924769,28848818,4020181,4020181,445444095,14600,5100,6600,4600,10800,10800,17000,7000,7000},
	[1481] = {1481,896668225,28908253,4025098,4025098,446351167,14600,5100,6600,4600,10800,10800,17000,7000,7000},
	[1482] = {1482,898413501,28967755,4030016,4030016,447259235,14600,5100,6600,4600,10800,10800,17000,7000,7000},
	[1483] = {1483,900160129,29027308,4034933,4034933,448168078,14600,5100,6600,4600,10800,10800,17000,7000,7000},
	[1484] = {1484,901908342,29086920,4039850,4039850,449077805,14600,5100,6600,4600,10800,10800,17000,7000,7000},
	[1485] = {1485,903658361,29146598,4044768,4044768,449988529,14600,5100,6600,4600,10800,10800,17000,7000,7000},
	[1486] = {1486,905409745,29206328,4049685,4049685,450900027,14600,5100,6600,4600,10800,10800,17000,7000,7000},
	[1487] = {1487,907162714,29266117,4054602,4054602,451812410,14600,5100,6600,4600,10800,10800,17000,7000,7000},
	[1488] = {1488,908917489,29325972,4059520,4059520,452725789,14600,5100,6600,4600,10800,10800,17000,7000,7000},
	[1489] = {1489,910673629,29385879,4064437,4064437,453639942,14600,5100,6600,4600,10800,10800,17000,7000,7000},
	[1490] = {1490,912431575,29445852,4069355,4069355,454555092,14600,5100,6600,4600,10800,10800,17000,7000,7000},
	[1491] = {1491,914190885,29505877,4074272,4074272,455471015,14600,5100,6600,4600,10800,10800,17000,7000,7000},
	[1492] = {1492,915951781,29565961,4079189,4079189,456387823,14600,5100,6600,4600,10800,10800,17000,7000,7000},
	[1493] = {1493,917714497,29626112,4084107,4084107,457305629,14600,5100,6600,4600,10800,10800,17000,7000,7000},
	[1494] = {1494,919478563,29686314,4089024,4089024,458224207,14600,5100,6600,4600,10800,10800,17000,7000,7000},
	[1495] = {1495,921244215,29746575,4093941,4093941,459143671,14600,5100,6600,4600,10800,10800,17000,7000,7000},
	[1496] = {1496,923011673,29806902,4098859,4098859,460064131,14600,5100,6600,4600,10800,10800,17000,7000,7000},
	[1497] = {1497,924780495,29867281,4103776,4103776,460985365,14600,5100,6600,4600,10800,10800,17000,7000,7000},
	[1498] = {1498,926550903,29927719,4108693,4108693,461907484,14600,5100,6600,4600,10800,10800,17000,7000,7000},
	[1499] = {1499,928323130,29988224,4113611,4113611,462830600,14600,5100,6600,4600,10800,10800,17000,7000,7000},
	[1500] = {1500,930096709,30048780,4118528,4118528,463754489,14600,5100,6600,4600,10800,10800,17000,7000,7000},
	[1501] = {1501,931891309,30110023,4123531,4123531,464688955,14600,5100,6600,4600,10800,10800,17000,7000,7000},
	[1502] = {1502,933687521,30171326,4128534,4128534,465624321,14600,5100,6600,4600,10800,10800,17000,7000,7000},
	[1503] = {1503,935485346,30232689,4133537,4133537,466560588,14600,5100,6600,4600,10800,10800,17000,7000,7000},
	[1504] = {1504,937284783,30294112,4138540,4138540,467497755,14600,5100,6600,4600,10800,10800,17000,7000,7000},
	[1505] = {1505,939085846,30355596,4143543,4143543,468435823,14600,5100,6600,4600,10800,10800,17000,7000,7000},
	[1506] = {1506,940888508,30417139,4148546,4148546,469374791,14600,5100,6600,4600,10800,10800,17000,7000,7000},
	[1507] = {1507,942692784,30478742,4153549,4153549,470314660,14600,5100,6600,4600,10800,10800,17000,7000,7000},
	[1508] = {1508,944498671,30540405,4158552,4158552,471255429,14600,5100,6600,4600,10800,10800,17000,7000,7000},
	[1509] = {1509,946306185,30602129,4163555,4163555,472197099,14600,5100,6600,4600,10800,10800,17000,7000,7000},
	[1510] = {1510,948115298,30663912,4168558,4168558,473139670,14600,5100,6600,4600,10800,10800,17000,7000,7000},
	[1511] = {1511,949925800,30725748,4173560,4173560,474083027,14600,5100,6600,4600,10800,10800,17000,7000,7000},
	[1512] = {1512,951738151,30787652,4178563,4178563,475027398,14600,5100,6600,4600,10800,10800,17000,7000,7000},
	[1513] = {1513,953552102,30849615,4183566,4183566,475972670,14600,5100,6600,4600,10800,10800,17000,7000,7000},
	[1514] = {1514,955367679,30911639,4188569,4188569,476918843,14600,5100,6600,4600,10800,10800,17000,7000,7000},
	[1515] = {1515,957184855,30973722,4193572,4193572,477865916,14600,5100,6600,4600,10800,10800,17000,7000,7000},
	[1516] = {1516,959003657,31035866,4198575,4198575,478813890,14600,5100,6600,4600,10800,10800,17000,7000,7000},
	[1517] = {1517,960824071,31098070,4203578,4203578,479762764,14600,5100,6600,4600,10800,10800,17000,7000,7000},
	[1518] = {1518,962646084,31160333,4208581,4208581,480712538,14600,5100,6600,4600,10800,10800,17000,7000,7000},
	[1519] = {1519,964469724,31222657,4213584,4213584,481663214,14600,5100,6600,4600,10800,10800,17000,7000,7000},
	[1520] = {1520,966294976,31285041,4218587,4218587,482614789,14600,5100,6600,4600,10800,10800,17000,7000,7000},
	[1521] = {1521,968141550,31348123,4223676,4223676,483577112,14600,5100,6600,4600,10800,10800,17000,7000,7000},
	[1522] = {1522,969989764,31411266,4228765,4228765,484540351,14600,5100,6600,4600,10800,10800,17000,7000,7000},
	[1523] = {1523,971839393,31474463,4233853,4233853,485504391,14600,5100,6600,4600,10800,10800,17000,7000,7000},
	[1524] = {1524,973690886,31537728,4238942,4238942,486469461,14600,5100,6600,4600,10800,10800,17000,7000,7000},
	[1525] = {1525,975544020,31601054,4244031,4244031,487435448,14600,5100,6600,4600,10800,10800,17000,7000,7000},
	[1526] = {1526,977398806,31664442,4249120,4249120,488402351,14600,5100,6600,4600,10800,10800,17000,7000,7000},
	[1527] = {1527,979254995,31727883,4254208,4254208,489370054,14600,5100,6600,4600,10800,10800,17000,7000,7000},
	[1528] = {1528,981113048,31791392,4259297,4259297,490338789,14600,5100,6600,4600,10800,10800,17000,7000,7000},
	[1529] = {1529,982972753,31854963,4264386,4264386,491308439,14600,5100,6600,4600,10800,10800,17000,7000,7000},
	[1530] = {1530,984834100,31918595,4269475,4269475,492279006,14600,5100,6600,4600,10800,10800,17000,7000,7000},
	[1531] = {1531,986696848,31982280,4274563,4274563,493250373,14600,5100,6600,4600,10800,10800,17000,7000,7000},
	[1532] = {1532,988561474,32046034,4279652,4279652,494222772,14600,5100,6600,4600,10800,10800,17000,7000,7000},
	[1533] = {1533,990427739,32109849,4284741,4284741,495196086,14600,5100,6600,4600,10800,10800,17000,7000,7000},
	[1534] = {1534,992295645,32173725,4289830,4289830,496170317,14600,5100,6600,4600,10800,10800,17000,7000,7000},
	[1535] = {1535,994164952,32237654,4294918,4294918,497145348,14600,5100,6600,4600,10800,10800,17000,7000,7000},
	[1536] = {1536,996036137,32301652,4300007,4300007,498121410,14600,5100,6600,4600,10800,10800,17000,7000,7000},
	[1537] = {1537,997908962,32365711,4305096,4305096,499098389,14600,5100,6600,4600,10800,10800,17000,7000,7000},
	[1538] = {1538,999783428,32429831,4310185,4310185,500076284,14600,5100,6600,4600,10800,10800,17000,7000,7000},
	[1539] = {1539,1001659307,32494005,4315273,4315273,501054978,14600,5100,6600,4600,10800,10800,17000,7000,7000},
	[1540] = {1540,1003537066,32558248,4320362,4320362,502034705,14600,5100,6600,4600,10800,10800,17000,7000,7000},
	[1541] = {1541,1005436445,32623200,4325537,4325537,503025348,14600,5100,6600,4600,10800,10800,17000,7000,7000},
	[1542] = {1542,1007337492,32688214,4330712,4330712,504016923,14600,5100,6600,4600,10800,10800,17000,7000,7000},
	[1543] = {1543,1009240206,32753290,4335887,4335887,505009430,14600,5100,6600,4600,10800,10800,17000,7000,7000},
	[1544] = {1544,1011144588,32818428,4341062,4341062,506002868,14600,5100,6600,4600,10800,10800,17000,7000,7000},
	[1545] = {1545,1013050876,32883636,4346238,4346238,506997355,14600,5100,6600,4600,10800,10800,17000,7000,7000},
	[1546] = {1546,1014958605,32948899,4351413,4351413,507992656,14600,5100,6600,4600,10800,10800,17000,7000,7000},
	[1547] = {1547,1016867988,33014223,4356588,4356588,508988889,14600,5100,6600,4600,10800,10800,17000,7000,7000},
	[1548] = {1548,1018779052,33079610,4361763,4361763,509986053,14600,5100,6600,4600,10800,10800,17000,7000,7000},
	[1549] = {1549,1020691783,33145059,4366938,4366938,510984149,14600,5100,6600,4600,10800,10800,17000,7000,7000},
	[1550] = {1550,1022606181,33210570,4372113,4372113,511983176,14600,5100,6600,4600,10800,10800,17000,7000,7000},
	[1551] = {1551,1024522246,33276143,4377288,4377288,512983135,14600,5100,6600,4600,10800,10800,17000,7000,7000},
	[1552] = {1552,1026439979,33341778,4382463,4382463,513984025,14600,5100,6600,4600,10800,10800,17000,7000,7000},
	[1553] = {1553,1028359379,33407475,4387638,4387638,514985847,14600,5100,6600,4600,10800,10800,17000,7000,7000},
	[1554] = {1554,1030280459,33473235,4392813,4392813,515988600,14600,5100,6600,4600,10800,10800,17000,7000,7000},
	[1555] = {1555,1032203432,33539064,4397989,4397989,516992402,14600,5100,6600,4600,10800,10800,17000,7000,7000},
	[1556] = {1556,1034127834,33604947,4403164,4403164,517997019,14600,5100,6600,4600,10800,10800,17000,7000,7000},
	[1557] = {1557,1036053916,33670893,4408339,4408339,519002567,14600,5100,6600,4600,10800,10800,17000,7000,7000},
	[1558] = {1558,1037981665,33736901,4413514,4413514,520009046,14600,5100,6600,4600,10800,10800,17000,7000,7000},
	[1559] = {1559,1039911069,33802970,4418689,4418689,521016457,14600,5100,6600,4600,10800,10800,17000,7000,7000},
	[1560] = {1560,1041842152,33869102,4423864,4423864,522024799,14600,5100,6600,4600,10800,10800,17000,7000,7000},
	[1561] = {1561,1043795411,33935963,4429126,4429126,523044347,14600,5100,6600,4600,10800,10800,17000,7000,7000},
	[1562] = {1562,1045750125,34002879,4434387,4434387,524064724,14600,5100,6600,4600,10800,10800,17000,7000,7000},
	[1563] = {1563,1047706773,34069866,4439649,4439649,525086166,14600,5100,6600,4600,10800,10800,17000,7000,7000},
	[1564] = {1564,1049665116,34136916,4444911,4444911,526108555,14600,5100,6600,4600,10800,10800,17000,7000,7000},
	[1565] = {1565,1051624914,34204021,4450172,4450172,527131773,14600,5100,6600,4600,10800,10800,17000,7000,7000},
	[1566] = {1566,1053586660,34271198,4455434,4455434,528156057,14600,5100,6600,4600,10800,10800,17000,7000,7000},
	[1567] = {1567,1055550086,34338437,4460696,4460696,529181287,14600,5100,6600,4600,10800,10800,17000,7000,7000},
	[1568] = {1568,1057514981,34405732,4465957,4465957,530207346,14600,5100,6600,4600,10800,10800,17000,7000,7000},
	[1569] = {1569,1059481810,34473098,4471219,4471219,531234471,14600,5100,6600,4600,10800,10800,17000,7000,7000},
	[1570] = {1570,1061450335,34540527,4476481,4476481,532262543,14600,5100,6600,4600,10800,10800,17000,7000,7000},
	[1571] = {1571,1063420314,34608011,4481742,4481742,533291444,14600,5100,6600,4600,10800,10800,17000,7000,7000},
	[1572] = {1572,1065392227,34675566,4487004,4487004,534321410,14600,5100,6600,4600,10800,10800,17000,7000,7000},
	[1573] = {1573,1067365607,34743177,4492265,4492265,535352204,14600,5100,6600,4600,10800,10800,17000,7000,7000},
	[1574] = {1574,1069340911,34810858,4497527,4497527,536384065,14600,5100,6600,4600,10800,10800,17000,7000,7000},
	[1575] = {1575,1071317921,34878603,4502789,4502789,537416872,14600,5100,6600,4600,10800,10800,17000,7000,7000},
	[1576] = {1576,1073296386,34946403,4508050,4508050,538450508,14600,5100,6600,4600,10800,10800,17000,7000,7000},
	[1577] = {1577,1075276785,35014274,4513312,4513312,539485209,14600,5100,6600,4600,10800,10800,17000,7000,7000},
	[1578] = {1578,1077258881,35082208,4518574,4518574,540520859,14600,5100,6600,4600,10800,10800,17000,7000,7000},
	[1579] = {1579,1079242428,35150197,4523835,4523835,541557335,14600,5100,6600,4600,10800,10800,17000,7000,7000},
	[1580] = {1580,1081227925,35218258,4529097,4529097,542594878,14600,5100,6600,4600,10800,10800,17000,7000,7000},
	[1581] = {1581,1083235645,35287050,4534445,4534445,543643679,14600,5100,6600,4600,10800,10800,17000,7000,7000},
	[1582] = {1582,1085245342,35355915,4539794,4539794,544693563,14600,5100,6600,4600,10800,10800,17000,7000,7000},
	[1583] = {1583,1087256520,35424836,4545142,4545142,545744290,14600,5100,6600,4600,10800,10800,17000,7000,7000},
	[1584] = {1584,1089269661,35493829,4550491,4550491,546796099,14600,5100,6600,4600,10800,10800,17000,7000,7000},
	[1585] = {1585,1091284296,35562879,4555839,4555839,547848751,14600,5100,6600,4600,10800,10800,17000,7000,7000},
	[1586] = {1586,1093300882,35632000,4561188,4561188,548902486,14600,5100,6600,4600,10800,10800,17000,7000,7000},
	[1587] = {1587,1095318960,35701178,4566536,4566536,549957063,14600,5100,6600,4600,10800,10800,17000,7000,7000},
	[1588] = {1588,1097339003,35770428,4571885,4571885,551012723,14600,5100,6600,4600,10800,10800,17000,7000,7000},
	[1589] = {1589,1099360526,35839734,4577233,4577233,552069226,14600,5100,6600,4600,10800,10800,17000,7000,7000},
	[1590] = {1590,1101384013,35909112,4582582,4582582,553126812,14600,5100,6600,4600,10800,10800,17000,7000,7000},
	[1591] = {1591,1103408993,35978547,4587930,4587930,554185240,14600,5100,6600,4600,10800,10800,17000,7000,7000},
	[1592] = {1592,1105435682,36048045,4593278,4593278,555244631,14600,5100,6600,4600,10800,10800,17000,7000,7000},
	[1593] = {1593,1107464349,36117616,4598627,4598627,556305105,14600,5100,6600,4600,10800,10800,17000,7000,7000},
	[1594] = {1594,1109494495,36187243,4603975,4603975,557366421,14600,5100,6600,4600,10800,10800,17000,7000,7000},
	[1595] = {1595,1111526606,36256942,4609324,4609324,558428821,14600,5100,6600,4600,10800,10800,17000,7000,7000},
	[1596] = {1596,1113560196,36326697,4614672,4614672,559492062,14600,5100,6600,4600,10800,10800,17000,7000,7000},
	[1597] = {1597,1115595764,36396525,4620021,4620021,560556387,14600,5100,6600,4600,10800,10800,17000,7000,7000},
	[1598] = {1598,1117632812,36466409,4625369,4625369,561621554,14600,5100,6600,4600,10800,10800,17000,7000,7000},
	[1599] = {1599,1119671825,36536365,4630718,4630718,562687805,14600,5100,6600,4600,10800,10800,17000,7000,7000},
	[1600] = {1600,1121712316,36606377,4636066,4636066,563754897,14600,5100,6600,4600,10800,10800,17000,7000,7000},
	[1601] = {1601,1123775831,36677148,4641502,4641502,564833661,14600,5100,6600,4600,10800,10800,17000,7000,7000},
	[1602] = {1602,1125841108,36747985,4646938,4646938,565913403,14600,5100,6600,4600,10800,10800,17000,7000,7000},
	[1603] = {1603,1127908136,36818887,4652374,4652374,566994124,14600,5100,6600,4600,10800,10800,17000,7000,7000},
	[1604] = {1604,1129976926,36889855,4657810,4657810,568075823,14600,5100,6600,4600,10800,10800,17000,7000,7000},
	[1605] = {1605,1132047452,36960887,4663246,4663246,569158500,14600,5100,6600,4600,10800,10800,17000,7000,7000},
	[1606] = {1606,1134119497,37031977,4668681,4668681,570242034,14600,5100,6600,4600,10800,10800,17000,7000,7000},
	[1607] = {1607,1136193536,37103140,4674117,4674117,571326669,14600,5100,6600,4600,10800,10800,17000,7000,7000},
	[1608] = {1608,1138269338,37174369,4679553,4679553,572412282,14600,5100,6600,4600,10800,10800,17000,7000,7000},
	[1609] = {1609,1140346876,37245662,4684989,4684989,573498873,14600,5100,6600,4600,10800,10800,17000,7000,7000},
	[1610] = {1610,1142426177,37317021,4690425,4690425,574586443,14600,5100,6600,4600,10800,10800,17000,7000,7000},
	[1611] = {1611,1144507227,37388445,4695861,4695861,575674991,14600,5100,6600,4600,10800,10800,17000,7000,7000},
	[1612] = {1612,1146590027,37459934,4701297,4701297,576764518,14600,5100,6600,4600,10800,10800,17000,7000,7000},
	[1613] = {1613,1148674577,37531488,4706733,4706733,577855023,14600,5100,6600,4600,10800,10800,17000,7000,7000},
	[1614] = {1614,1150760889,37603108,4712169,4712169,578946507,14600,5100,6600,4600,10800,10800,17000,7000,7000},
	[1615] = {1615,1152848951,37674793,4717605,4717605,580038969,14600,5100,6600,4600,10800,10800,17000,7000,7000},
	[1616] = {1616,1154938519,37746535,4723040,4723040,581132287,14600,5100,6600,4600,10800,10800,17000,7000,7000},
	[1617] = {1617,1157030093,37818351,4728476,4728476,582226706,14600,5100,6600,4600,10800,10800,17000,7000,7000},
	[1618] = {1618,1159123405,37890231,4733912,4733912,583322104,14600,5100,6600,4600,10800,10800,17000,7000,7000},
	[1619] = {1619,1161218478,37962177,4739348,4739348,584418480,14600,5100,6600,4600,10800,10800,17000,7000,7000},
	[1620] = {1620,1163315302,38034188,4744784,4744784,585515835,14600,5100,6600,4600,10800,10800,17000,7000,7000},
	[1621] = {1621,1165435221,38106962,4750307,4750307,586624912,14600,5100,6600,4600,10800,10800,17000,7000,7000},
	[1622] = {1622,1167557175,38179811,4755831,4755831,587735106,14600,5100,6600,4600,10800,10800,17000,7000,7000},
	[1623] = {1623,1169680661,38252718,4761354,4761354,588846171,14600,5100,6600,4600,10800,10800,17000,7000,7000},
	[1624] = {1624,1171805925,38325691,4766877,4766877,589958231,14600,5100,6600,4600,10800,10800,17000,7000,7000},
	[1625] = {1625,1173933210,38398738,4772401,4772401,591071408,14600,5100,6600,4600,10800,10800,17000,7000,7000},
	[1626] = {1626,1176062041,38471844,4777924,4777924,592185456,14600,5100,6600,4600,10800,10800,17000,7000,7000},
	[1627] = {1627,1178192636,38545015,4783447,4783447,593300498,14600,5100,6600,4600,10800,10800,17000,7000,7000},
	[1628] = {1628,1180325280,38618262,4788971,4788971,594416658,14600,5100,6600,4600,10800,10800,17000,7000,7000},
	[1629] = {1629,1182459442,38691566,4794494,4794494,595533688,14600,5100,6600,4600,10800,10800,17000,7000,7000},
	[1630] = {1630,1184595640,38764945,4800018,4800018,596651837,14600,5100,6600,4600,10800,10800,17000,7000,7000},
	[1631] = {1631,1186733370,38838382,4805541,4805541,597770856,14600,5100,6600,4600,10800,10800,17000,7000,7000},
	[1632] = {1632,1188872876,38911885,4811064,4811064,598890868,14600,5100,6600,4600,10800,10800,17000,7000,7000},
	[1633] = {1633,1191014420,38985463,4816588,4816588,600012000,14600,5100,6600,4600,10800,10800,17000,7000,7000},
	[1634] = {1634,1193157494,39059099,4822111,4822111,601134001,14600,5100,6600,4600,10800,10800,17000,7000,7000},
	[1635] = {1635,1195302345,39132801,4827634,4827634,602256996,14600,5100,6600,4600,10800,10800,17000,7000,7000},
	[1636] = {1636,1197449221,39206577,4833158,4833158,603381111,14600,5100,6600,4600,10800,10800,17000,7000,7000},
	[1637] = {1637,1199597639,39280412,4838681,4838681,604506094,14600,5100,6600,4600,10800,10800,17000,7000,7000},
	[1638] = {1638,1201747835,39354313,4844204,4844204,605632072,14600,5100,6600,4600,10800,10800,17000,7000,7000},
	[1639] = {1639,1203900055,39428288,4849728,4849728,606759169,14600,5100,6600,4600,10800,10800,17000,7000,7000},
	[1640] = {1640,1206053818,39502322,4855251,4855251,607887135,14600,5100,6600,4600,10800,10800,17000,7000,7000},
	[1641] = {1641,1208231225,39577138,4860862,4860862,609027121,14600,5100,6600,4600,10800,10800,17000,7000,7000},
	[1642] = {1642,1210410698,39652030,4866474,4866474,610168243,14600,5100,6600,4600,10800,10800,17000,7000,7000},
	[1643] = {1643,1212591728,39726981,4872085,4872085,611310249,14600,5100,6600,4600,10800,10800,17000,7000,7000},
	[1644] = {1644,1214774563,39801999,4877696,4877696,612453265,14600,5100,6600,4600,10800,10800,17000,7000,7000},
	[1645] = {1645,1216959463,39877093,4883308,4883308,613597416,14600,5100,6600,4600,10800,10800,17000,7000,7000},
	[1646] = {1646,1219145920,39952246,4888919,4888919,614742452,14600,5100,6600,4600,10800,10800,17000,7000,7000},
	[1647] = {1647,1221334183,40027466,4894530,4894530,615888498,14600,5100,6600,4600,10800,10800,17000,7000,7000},
	[1648] = {1648,1223524511,40102762,4900142,4900142,617035680,14600,5100,6600,4600,10800,10800,17000,7000,7000},
	[1649] = {1649,1225716397,40178117,4905753,4905753,618183747,14600,5100,6600,4600,10800,10800,17000,7000,7000},
	[1650] = {1650,1227910334,40253547,4911365,4911365,619332949,14600,5100,6600,4600,10800,10800,17000,7000,7000},
	[1651] = {1651,1230105842,40329037,4916976,4916976,620483035,14600,5100,6600,4600,10800,10800,17000,7000,7000},
	[1652] = {1652,1232303155,40404594,4922587,4922587,621634131,14600,5100,6600,4600,10800,10800,17000,7000,7000},
	[1653] = {1653,1234502520,40480226,4928199,4928199,622786364,14600,5100,6600,4600,10800,10800,17000,7000,7000},
	[1654] = {1654,1236703456,40555918,4933810,4933810,623939480,14600,5100,6600,4600,10800,10800,17000,7000,7000},
	[1655] = {1655,1238906196,40631677,4939421,4939421,625093606,14600,5100,6600,4600,10800,10800,17000,7000,7000},
	[1656] = {1656,1241110989,40707511,4945033,4945033,626248869,14600,5100,6600,4600,10800,10800,17000,7000,7000},
	[1657] = {1657,1243317352,40783405,4950644,4950644,627405015,14600,5100,6600,4600,10800,10800,17000,7000,7000},
	[1658] = {1658,1245525519,40859366,4956255,4956255,628562171,14600,5100,6600,4600,10800,10800,17000,7000,7000},
	[1659] = {1659,1247735740,40935402,4961867,4961867,629720464,14600,5100,6600,4600,10800,10800,17000,7000,7000},
	[1660] = {1660,1249947530,41011498,4967478,4967478,630879640,14600,5100,6600,4600,10800,10800,17000,7000,7000},
	[1661] = {1661,1252183531,41088396,4973178,4973178,632051138,14600,5100,6600,4600,10800,10800,17000,7000,7000},
	[1662] = {1662,1254421128,41165355,4978877,4978877,633223534,14600,5100,6600,4600,10800,10800,17000,7000,7000},
	[1663] = {1663,1256660806,41242390,4984577,4984577,634397083,14600,5100,6600,4600,10800,10800,17000,7000,7000},
	[1664] = {1664,1258902068,41319485,4990276,4990276,635571531,14600,5100,6600,4600,10800,10800,17000,7000,7000},
	[1665] = {1665,1261145425,41396657,4995976,4995976,636747133,14600,5100,6600,4600,10800,10800,17000,7000,7000},
	[1666] = {1666,1263390365,41473889,5001675,5001675,637923632,14600,5100,6600,4600,10800,10800,17000,7000,7000},
	[1667] = {1667,1265637387,41551197,5007375,5007375,639101286,14600,5100,6600,4600,10800,10800,17000,7000,7000},
	[1668] = {1668,1267886005,41628566,5013074,5013074,640279837,14600,5100,6600,4600,10800,10800,17000,7000,7000},
	[1669] = {1669,1270136705,41706011,5018774,5018774,641459542,14600,5100,6600,4600,10800,10800,17000,7000,7000},
	[1670] = {1670,1272389250,41783525,5024474,5024474,642640273,14600,5100,6600,4600,10800,10800,17000,7000,7000},
	[1671] = {1671,1274643379,41861099,5030173,5030173,643821902,14600,5100,6600,4600,10800,10800,17000,7000,7000},
	[1672] = {1672,1276899602,41938750,5035873,5035873,645004685,14600,5100,6600,4600,10800,10800,17000,7000,7000},
	[1673] = {1673,1279157409,42016461,5041572,5041572,646188366,14600,5100,6600,4600,10800,10800,17000,7000,7000},
	[1674] = {1674,1281417298,42094248,5047272,5047272,647373201,14600,5100,6600,4600,10800,10800,17000,7000,7000},
	[1675] = {1675,1283678769,42172095,5052971,5052971,648558933,14600,5100,6600,4600,10800,10800,17000,7000,7000},
	[1676] = {1676,1285942349,42250020,5058671,5058671,649745820,14600,5100,6600,4600,10800,10800,17000,7000,7000},
	[1677] = {1677,1288207499,42328004,5064370,5064370,650933604,14600,5100,6600,4600,10800,10800,17000,7000,7000},
	[1678] = {1678,1290474744,42406065,5070070,5070070,652122543,14600,5100,6600,4600,10800,10800,17000,7000,7000},
	[1679] = {1679,1292743571,42484186,5075769,5075769,653312379,14600,5100,6600,4600,10800,10800,17000,7000,7000},
	[1680] = {1680,1295014495,42562384,5081469,5081469,654503370,14600,5100,6600,4600,10800,10800,17000,7000,7000},
	[1681] = {1681,1297309696,42641388,5087257,5087257,655706729,14600,5100,6600,4600,10800,10800,17000,7000,7000},
	[1682] = {1682,1299606758,42720461,5093045,5093045,656911130,14600,5100,6600,4600,10800,10800,17000,7000,7000},
	[1683] = {1683,1301905693,42799604,5098833,5098833,658116572,14600,5100,6600,4600,10800,10800,17000,7000,7000},
	[1684] = {1684,1304206489,42878816,5104621,5104621,659323057,14600,5100,6600,4600,10800,10800,17000,7000,7000},
	[1685] = {1685,1306509158,42958098,5110409,5110409,660530584,14600,5100,6600,4600,10800,10800,17000,7000,7000},
	[1686] = {1686,1308813687,43037449,5116197,5116197,661739152,14600,5100,6600,4600,10800,10800,17000,7000,7000},
	[1687] = {1687,1311120076,43116869,5121985,5121985,662948762,14600,5100,6600,4600,10800,10800,17000,7000,7000},
	[1688] = {1688,1313428338,43196359,5127773,5127773,664159414,14600,5100,6600,4600,10800,10800,17000,7000,7000},
	[1689] = {1689,1315738474,43275919,5133561,5133561,665371108,14600,5100,6600,4600,10800,10800,17000,7000,7000},
	[1690] = {1690,1318050721,43355556,5139350,5139350,666583973,14600,5100,6600,4600,10800,10800,17000,7000,7000},
	[1691] = {1691,1320364577,43435254,5145138,5145138,667797751,14600,5100,6600,4600,10800,10800,17000,7000,7000},
	[1692] = {1692,1322680307,43515022,5150926,5150926,669012570,14600,5100,6600,4600,10800,10800,17000,7000,7000},
	[1693] = {1693,1324997910,43594860,5156714,5156714,670228432,14600,5100,6600,4600,10800,10800,17000,7000,7000},
	[1694] = {1694,1327317360,43674766,5162502,5162502,671445335,14600,5100,6600,4600,10800,10800,17000,7000,7000},
	[1695] = {1695,1329638697,43754743,5168290,5168290,672663280,14600,5100,6600,4600,10800,10800,17000,7000,7000},
	[1696] = {1696,1331961880,43834788,5174078,5174078,673882266,14600,5100,6600,4600,10800,10800,17000,7000,7000},
	[1697] = {1697,1334286937,43914903,5179866,5179866,675102295,14600,5100,6600,4600,10800,10800,17000,7000,7000},
	[1698] = {1698,1336613867,43995088,5185654,5185654,676323365,14600,5100,6600,4600,10800,10800,17000,7000,7000},
	[1699] = {1699,1338942658,44075342,5191442,5191442,677545478,14600,5100,6600,4600,10800,10800,17000,7000,7000},
	[1700] = {1700,1341273321,44155666,5197230,5197230,678768632,14600,5100,6600,4600,10800,10800,17000,7000,7000},
	[1701] = {1701,1343628820,44236815,5203107,5203107,680004460,14600,5100,6600,4600,10800,10800,17000,7000,7000},
	[1702] = {1702,1345986218,44318035,5208984,5208984,681241345,14600,5100,6600,4600,10800,10800,17000,7000,7000},
	[1703] = {1703,1348345518,44399326,5214861,5214861,682479288,14600,5100,6600,4600,10800,10800,17000,7000,7000},
	[1704] = {1704,1350706455,44480679,5220737,5220737,683718158,14600,5100,6600,4600,10800,10800,17000,7000,7000},
	[1705] = {1705,1353069531,44562110,5226614,5226614,684958217,14600,5100,6600,4600,10800,10800,17000,7000,7000},
	[1706] = {1706,1355434522,44643613,5232491,5232491,686199334,14600,5100,6600,4600,10800,10800,17000,7000,7000},
	[1707] = {1707,1357801387,44725185,5238368,5238368,687441509,14600,5100,6600,4600,10800,10800,17000,7000,7000},
	[1708] = {1708,1360170166,44806829,5244245,5244245,688684741,14600,5100,6600,4600,10800,10800,17000,7000,7000},
	[1709] = {1709,1362540835,44888543,5250122,5250122,689929032,14600,5100,6600,4600,10800,10800,17000,7000,7000},
	[1710] = {1710,1364913390,44970327,5255999,5255999,691174380,14600,5100,6600,4600,10800,10800,17000,7000,7000},
	[1711] = {1711,1367287582,45052173,5261875,5261875,692420655,14600,5100,6600,4600,10800,10800,17000,7000,7000},
	[1712] = {1712,1369663939,45134099,5267752,5267752,693668118,14600,5100,6600,4600,10800,10800,17000,7000,7000},
	[1713] = {1713,1372042185,45216095,5273629,5273629,694916640,14600,5100,6600,4600,10800,10800,17000,7000,7000},
	[1714] = {1714,1374422319,45298161,5279506,5279506,696166220,14600,5100,6600,4600,10800,10800,17000,7000,7000},
	[1715] = {1715,1376804354,45380298,5285383,5285383,697416857,14600,5100,6600,4600,10800,10800,17000,7000,7000},
	[1716] = {1716,1379188276,45462505,5291260,5291260,698668552,14600,5100,6600,4600,10800,10800,17000,7000,7000},
	[1717] = {1717,1381573847,45544775,5297136,5297136,699921173,14600,5100,6600,4600,10800,10800,17000,7000,7000},
	[1718] = {1718,1383961559,45627123,5303013,5303013,701174984,14600,5100,6600,4600,10800,10800,17000,7000,7000},
	[1719] = {1719,1386351173,45709542,5308890,5308890,702429853,14600,5100,6600,4600,10800,10800,17000,7000,7000},
	[1720] = {1720,1388742687,45792032,5314767,5314767,703685780,14600,5100,6600,4600,10800,10800,17000,7000,7000},
	[1721] = {1721,1391159355,45875359,5320733,5320733,704954556,14600,5100,6600,4600,10800,10800,17000,7000,7000},
	[1722] = {1722,1393577951,45958758,5326699,5326699,706224406,14600,5100,6600,4600,10800,10800,17000,7000,7000},
	[1723] = {1723,1395998476,46042229,5332665,5332665,707495330,14600,5100,6600,4600,10800,10800,17000,7000,7000},
	[1724] = {1724,1398421184,46125780,5338632,5338632,708767461,14600,5100,6600,4600,10800,10800,17000,7000,7000},
	[1725] = {1725,1400845554,46209394,5344598,5344598,710040533,14600,5100,6600,4600,10800,10800,17000,7000,7000},
	[1726] = {1726,1403271841,46293079,5350564,5350564,711314679,14600,5100,6600,4600,10800,10800,17000,7000,7000},
	[1727] = {1727,1405700055,46376836,5356530,5356530,712589898,14600,5100,6600,4600,10800,10800,17000,7000,7000},
	[1728] = {1728,1408130199,46460665,5362496,5362496,713866192,14600,5100,6600,4600,10800,10800,17000,7000,7000},
	[1729] = {1729,1410562259,46544565,5368462,5368462,715143559,14600,5100,6600,4600,10800,10800,17000,7000,7000},
	[1730] = {1730,1412996515,46628546,5374429,5374429,716422134,14600,5100,6600,4600,10800,10800,17000,7000,7000},
	[1731] = {1731,1415432419,46712589,5380395,5380395,717701649,14600,5100,6600,4600,10800,10800,17000,7000,7000},
	[1732] = {1732,1417870253,46796704,5386361,5386361,718982239,14600,5100,6600,4600,10800,10800,17000,7000,7000},
	[1733] = {1733,1420310002,46880890,5392327,5392327,720263902,14600,5100,6600,4600,10800,10800,17000,7000,7000},
	[1734] = {1734,1422751693,46965149,5398293,5398293,721546638,14600,5100,6600,4600,10800,10800,17000,7000,7000},
	[1735] = {1735,1425195287,47049478,5404259,5404259,722830449,14600,5100,6600,4600,10800,10800,17000,7000,7000},
	[1736] = {1736,1427640823,47133880,5410225,5410225,724115334,14600,5100,6600,4600,10800,10800,17000,7000,7000},
	[1737] = {1737,1430088529,47218361,5416192,5416192,725401426,14600,5100,6600,4600,10800,10800,17000,7000,7000},
	[1738] = {1738,1432537911,47302906,5422158,5422158,726688459,14600,5100,6600,4600,10800,10800,17000,7000,7000},
	[1739] = {1739,1434989207,47387522,5428124,5428124,727976565,14600,5100,6600,4600,10800,10800,17000,7000,7000},
	[1740] = {1740,1437442433,47472210,5434090,5434090,729265746,14600,5100,6600,4600,10800,10800,17000,7000,7000},
	[1741] = {1741,1439921399,47557756,5440146,5440146,730568086,14600,5100,6600,4600,10800,10800,17000,7000,7000},
	[1742] = {1742,1442402053,47643366,5446201,5446201,731871382,14600,5100,6600,4600,10800,10800,17000,7000,7000},
	[1743] = {1743,1444884920,47729057,5452257,5452257,733175903,14600,5100,6600,4600,10800,10800,17000,7000,7000},
	[1744] = {1744,1447369488,47814813,5458312,5458312,734481379,14600,5100,6600,4600,10800,10800,17000,7000,7000},
	[1745] = {1745,1449856255,47900649,5464368,5464368,735788079,14600,5100,6600,4600,10800,10800,17000,7000,7000},
	[1746] = {1746,1452344724,47986550,5470423,5470423,737095735,14600,5100,6600,4600,10800,10800,17000,7000,7000},
	[1747] = {1747,1454835405,48072532,5476479,5476479,738404616,14600,5100,6600,4600,10800,10800,17000,7000,7000},
	[1748] = {1748,1457327774,48158578,5482534,5482534,739714452,14600,5100,6600,4600,10800,10800,17000,7000,7000},
	[1749] = {1749,1459822369,48244706,5488590,5488590,741025513,14600,5100,6600,4600,10800,10800,17000,7000,7000},
	[1750] = {1750,1462318637,48330897,5494645,5494645,742337528,14600,5100,6600,4600,10800,10800,17000,7000,7000},
	[1751] = {1751,1464817133,48417170,5500701,5500701,743650769,14600,5100,6600,4600,10800,10800,17000,7000,7000},
	[1752] = {1752,1467317303,48503506,5506756,5506756,744964965,14600,5100,6600,4600,10800,10800,17000,7000,7000},
	[1753] = {1753,1469819699,48589924,5512812,5512812,746280386,14600,5100,6600,4600,10800,10800,17000,7000,7000},
	[1754] = {1754,1472323782,48676406,5518867,5518867,747596761,14600,5100,6600,4600,10800,10800,17000,7000,7000},
	[1755] = {1755,1474830091,48762970,5524923,5524923,748914362,14600,5100,6600,4600,10800,10800,17000,7000,7000},
	[1756] = {1756,1477338075,48849597,5530978,5530978,750232917,14600,5100,6600,4600,10800,10800,17000,7000,7000},
	[1757] = {1757,1479848285,48936306,5537034,5537034,751552698,14600,5100,6600,4600,10800,10800,17000,7000,7000},
	[1758] = {1758,1482360183,49023079,5543089,5543089,752873434,14600,5100,6600,4600,10800,10800,17000,7000,7000},
	[1759] = {1759,1484874294,49109933,5549145,5549145,754195395,14600,5100,6600,4600,10800,10800,17000,7000,7000},
	[1760] = {1760,1487390091,49196851,5555200,5555200,755518310,14600,5100,6600,4600,10800,10800,17000,7000,7000},
	[1761] = {1761,1489931950,49284639,5561345,5561345,756854563,14600,5100,6600,4600,10800,10800,17000,7000,7000},
	[1762] = {1762,1492476063,49372510,5567491,5567491,758192059,14600,5100,6600,4600,10800,10800,17000,7000,7000},
	[1763] = {1763,1495021878,49460445,5573636,5573636,759530524,14600,5100,6600,4600,10800,10800,17000,7000,7000},
	[1764] = {1764,1497569691,49548455,5579781,5579781,760870096,14600,5100,6600,4600,10800,10800,17000,7000,7000},
	[1765] = {1765,1500119746,49636547,5585927,5585927,762210911,14600,5100,6600,4600,10800,10800,17000,7000,7000},
	[1766] = {1766,1502671516,49724704,5592072,5592072,763552695,14600,5100,6600,4600,10800,10800,17000,7000,7000},
	[1767] = {1767,1505225257,49812934,5598217,5598217,764895585,14600,5100,6600,4600,10800,10800,17000,7000,7000},
	[1768] = {1768,1507781266,49901248,5604363,5604363,766239718,14600,5100,6600,4600,10800,10800,17000,7000,7000},
	[1769] = {1769,1510338976,49989626,5610508,5610508,767584820,14600,5100,6600,4600,10800,10800,17000,7000,7000},
	[1770] = {1770,1512898941,50078087,5616654,5616654,768931165,14600,5100,6600,4600,10800,10800,17000,7000,7000},
	[1771] = {1771,1515460608,50166612,5622799,5622799,770278480,14600,5100,6600,4600,10800,10800,17000,7000,7000},
	[1772] = {1772,1518024273,50255212,5628944,5628944,771626901,14600,5100,6600,4600,10800,10800,17000,7000,7000},
	[1773] = {1773,1520590180,50343894,5635090,5635090,772976565,14600,5100,6600,4600,10800,10800,17000,7000,7000},
	[1774] = {1774,1523157787,50432640,5641235,5641235,774327198,14600,5100,6600,4600,10800,10800,17000,7000,7000},
	[1775] = {1775,1525727393,50521461,5647380,5647380,775678937,14600,5100,6600,4600,10800,10800,17000,7000,7000},
	[1776] = {1776,1528299241,50610364,5653526,5653526,777031920,14600,5100,6600,4600,10800,10800,17000,7000,7000},
	[1777] = {1777,1530872803,50699332,5659671,5659671,778385871,14600,5100,6600,4600,10800,10800,17000,7000,7000},
	[1778] = {1778,1533448350,50788374,5665816,5665816,779740929,14600,5100,6600,4600,10800,10800,17000,7000,7000},
	[1779] = {1779,1536026152,50877499,5671962,5671962,781097230,14600,5100,6600,4600,10800,10800,17000,7000,7000},
	[1780] = {1780,1538605656,50966688,5678107,5678107,782454500,14600,5100,6600,4600,10800,10800,17000,7000,7000},
	[1781] = {1781,1541211541,51056759,5684342,5684342,783825287,14600,5100,6600,4600,10800,10800,17000,7000,7000},
	[1782] = {1782,1543819722,51146915,5690578,5690578,785197333,14600,5100,6600,4600,10800,10800,17000,7000,7000},
	[1783] = {1783,1546429633,51237136,5696813,5696813,786570364,14600,5100,6600,4600,10800,10800,17000,7000,7000},
	[1784] = {1784,1549041827,51327441,5703049,5703049,787944655,14600,5100,6600,4600,10800,10800,17000,7000,7000},
	[1785] = {1785,1551655750,51417811,5709284,5709284,789319931,14600,5100,6600,4600,10800,10800,17000,7000,7000},
	[1786] = {1786,1554271698,51508257,5715519,5715519,790696329,14600,5100,6600,4600,10800,10800,17000,7000,7000},
	[1787] = {1787,1556889918,51598786,5721755,5721755,792073988,14600,5100,6600,4600,10800,10800,17000,7000,7000},
	[1788] = {1788,1559509878,51689381,5727990,5727990,793452630,14600,5100,6600,4600,10800,10800,17000,7000,7000},
	[1789] = {1789,1562132124,51780060,5734226,5734226,794832534,14600,5100,6600,4600,10800,10800,17000,7000,7000},
	[1790] = {1790,1564756110,51870805,5740461,5740461,796213421,14600,5100,6600,4600,10800,10800,17000,7000,7000},
	[1791] = {1791,1567382109,51961625,5746696,5746696,797595431,14600,5100,6600,4600,10800,10800,17000,7000,7000},
	[1792] = {1792,1570010380,52052528,5752932,5752932,798978702,14600,5100,6600,4600,10800,10800,17000,7000,7000},
	[1793] = {1793,1572640403,52143498,5759167,5759167,800362956,14600,5100,6600,4600,10800,10800,17000,7000,7000},
	[1794] = {1794,1575272699,52234551,5765403,5765403,801748471,14600,5100,6600,4600,10800,10800,17000,7000,7000},
	[1795] = {1795,1577906735,52325670,5771638,5771638,803134970,14600,5100,6600,4600,10800,10800,17000,7000,7000},
	[1796] = {1796,1580542772,52416863,5777873,5777873,804522592,14600,5100,6600,4600,10800,10800,17000,7000,7000},
	[1797] = {1797,1583181106,52508141,5784109,5784109,805911475,14600,5100,6600,4600,10800,10800,17000,7000,7000},
	[1798] = {1798,1585821168,52599484,5790344,5790344,807301341,14600,5100,6600,4600,10800,10800,17000,7000,7000},
	[1799] = {1799,1588463527,52690912,5796580,5796580,808692468,14600,5100,6600,4600,10800,10800,17000,7000,7000},
	[1800] = {1800,1591107614,52782405,5802815,5802815,810084579,14600,5100,6600,4600,10800,10800,17000,7000,7000}
}
for _, value in pairs(monster_level_cfg) do
    setmetatable(value,findT)
end
return _G.ConstClass("monster_level_cfg",monster_level_cfg)